[
    {
        "fila01" : {
            "cuadrado01": ["top", "left"],
            "cuadrado02": ["top", "right", "bottom"],
            "cuadrado03": ["top", "left"],
            "cuadrado04": ["top", "bottom"],
            "cuadrado05": ["top", "bottom"],
            "cuadrado06": ["top"],
            "cuadrado07": ["right"],
            "cuadrado08": ["top", "left"],
            "cuadrado09": ["top"],
            "cuadrado10": ["top", "bottom"],
            "cuadrado11": ["top", "right"],
            "cuadrado12": ["top", "left"],
            "cuadrado13": ["top", "bottom"],
            "cuadrado14": ["top", "right"]
        },
        "fila02" : {
            "cuadrado01": ["left", "right"],
            "cuadrado02": ["left", "top", "bottom"],
            "cuadrado03": ["right", "bottom"],
            "cuadrado04": ["top", "left"],
            "cuadrado05": ["top", "right"],
            "cuadrado06": ["right", "bottom", "left"],
            "cuadrado07": ["left", "right"],
            "cuadrado08": ["left", "right"],
            "cuadrado09": ["left", "bottom"],
            "cuadrado10": ["right", "top"],
            "cuadrado11": ["right", "left"],
            "cuadrado12": ["right", "left"],
            "cuadrado13": ["top", "right", "left"],
            "cuadrado14": ["right", "left"]
        },
        "fila03" : {
            "cuadrado01": ["left"],
            "cuadrado02": ["top", "bottom"],
            "cuadrado03": ["top", "right"],
            "cuadrado04": ["right", "bottom", "left"],
            "cuadrado05": ["left"],
            "cuadrado06": ["right", "top"],
            "cuadrado07": ["left", "right"],
            "cuadrado08": ["left", "bottom"],
            "cuadrado09": ["top", "right", "bottom"],
            "cuadrado10": ["right", "left"],
            "cuadrado11": ["bottom", "left"],
            "cuadrado12": ["bottom", "right"],
            "cuadrado13": ["right", "left"],
            "cuadrado14": ["right", "left"]
        },
        "fila04" : {
            "cuadrado01": ["left", "bottom", "right"],
            "cuadrado02": ["top", "left", "right"],
            "cuadrado03": ["left", "bottom"],
            "cuadrado04": ["bottom", "top"],
            "cuadrado05": ["bottom", "right"],
            "cuadrado06": ["right", "left"],
            "cuadrado07": ["left"],
            "cuadrado08": ["top", "bottom"],
            "cuadrado09": ["top"],
            "cuadrado10": ["right"],
            "cuadrado11": ["left", "top"],
            "cuadrado12": ["bottom", "top"],
            "cuadrado13": ["bottom", "right"],
            "cuadrado14": ["right", "left"]
        },
        "fila05" : {
            "cuadrado01": ["left", "top"],
            "cuadrado02": ["right"],
            "cuadrado03": ["left", "top"],
            "cuadrado04": ["bottom", "top"],
            "cuadrado05": ["bottom", "top"],
            "cuadrado06": ["bottom", "right"],
            "cuadrado07": ["right", "left"],
            "cuadrado08": ["top", "left", "bottom"],
            "cuadrado09": ["bottom"],
            "cuadrado10": ["right", "bottom"],
            "cuadrado11": ["left"],
            "cuadrado12": ["bottom", "top"],
            "cuadrado13": ["bottom", "top"],
            "cuadrado14": ["right", "bottom"]
        },
        "fila06" : {
            "cuadrado01": ["left", "right"],
            "cuadrado02": ["left", "bottom"],
            "cuadrado03": ["right"],
            "cuadrado04": ["left", "bottom", "right"],
            "cuadrado05": ["bottom", "top"],
            "cuadrado06": ["bottom", "top"],
            "cuadrado07": ["right"],
            "cuadrado08": ["top", "left", "bottom"],
            "cuadrado09": ["top", "bottom"],
            "cuadrado10": ["top", "bottom"],
            "cuadrado11": ["bottom"],
            "cuadrado12": ["bottom", "top"],
            "cuadrado13": ["right", "top"],
            "cuadrado14": ["right", "top", "left"]
        },
        "fila07" : {
            "cuadrado01": ["left", "bottom"],
            "cuadrado02": ["right", "top"],
            "cuadrado03": ["bottom", "right", "left"],
            "cuadrado04": ["left", "top"],
            "cuadrado05": ["top"],
            "cuadrado06": ["top", "bottom", "right"],
            "cuadrado07": ["left"],
            "cuadrado08": ["top", "bottom"],
            "cuadrado09": ["top", "bottom"],
            "cuadrado10": ["top","right", "bottom"],
            "cuadrado11": ["top", "left"],
            "cuadrado12": ["top", "right"],
            "cuadrado13": ["bottom", "left"],
            "cuadrado14": ["right"]
        },
        "fila08" : {
            "cuadrado01": ["left", "top", "right"],
            "cuadrado02": ["left", "bottom"],
            "cuadrado03": ["bottom", "top"],
            "cuadrado04": ["bottom", "right"],
            "cuadrado05": ["right", "left"],
            "cuadrado06": ["top", "bottom", "left"],
            "cuadrado07": ["right"],
            "cuadrado08": ["top", "bottom", "left"],
            "cuadrado09": ["top", "bottom"],
            "cuadrado10": ["top"],
            "cuadrado11": ["right", "bottom"],
            "cuadrado12": ["left", "bottom"],
            "cuadrado13": ["right", "top"],
            "cuadrado14": ["right", "left"]
        },
        "fila09" : {
            "cuadrado01": ["left"],
            "cuadrado02": ["bottom", "top"],
            "cuadrado03": ["bottom", "top"],
            "cuadrado04": ["top"],
            "cuadrado05": ["bottom"],
            "cuadrado06": ["right", "top", "bottom"],
            "cuadrado07": ["left", "bottom"],
            "cuadrado08": ["top", "bottom"],
            "cuadrado09": ["right", "top", "bottom"],
            "cuadrado10": ["right", "left"],
            "cuadrado11": ["top", "bottom", "left"],
            "cuadrado12": ["top", "bottom"],
            "cuadrado13": ["right"],
            "cuadrado14": ["right", "left"]
        },
        "fila10" : {
            "cuadrado01": ["left", "right"],
            "cuadrado02": ["left", "top"],
            "cuadrado03": ["bottom", "top"],
            "cuadrado04": ["right"],
            "cuadrado05": ["top", "left"],
            "cuadrado06": ["top", "bottom"],
            "cuadrado07": ["top"],
            "cuadrado08": ["right", "top"],
            "cuadrado09": ["top", "left"],
            "cuadrado10": ["bottom"],
            "cuadrado11": ["top", "bottom"],
            "cuadrado12": ["right", "top"],
            "cuadrado13": ["left"],
            "cuadrado14": ["right"]
        },
        "fila11" : {
            "cuadrado01": ["left", "right"],
            "cuadrado02": ["left", "bottom"],
            "cuadrado03": ["bottom", "top"],
            "cuadrado04": ["right"],
            "cuadrado05": ["right", "left"],
            "cuadrado06": ["right", "top", "left"],
            "cuadrado07": ["right", "left"],
            "cuadrado08": ["right", "left"],
            "cuadrado09": ["right", "left"],
            "cuadrado10": ["top", "bottom", "left"],
            "cuadrado11": ["right", "top"],
            "cuadrado12": ["right", "left"],
            "cuadrado13": ["right", "left"],
            "cuadrado14": ["right", "bottom", "left"]
        }, 
        "fila12" : {
            "cuadrado01": ["left", "bottom"],
            "cuadrado02": ["bottom", "top"],
            "cuadrado03": ["top", "right"],
            "cuadrado04": ["bottom", "left"],
            "cuadrado05": ["bottom", "right"],
            "cuadrado06": ["right", "left"],
            "cuadrado07": ["right", "left"],
            "cuadrado08": ["right", "left"],
            "cuadrado09": ["bottom", "bottom"],
            "cuadrado10": ["right", "top"],
            "cuadrado11": ["bottom", "left"],
            "cuadrado12": ["right", "bottom"],
            "cuadrado13": ["bottom", "left"],
            "cuadrado14": ["right", "top"]
        },
        "fila13" : {
            "cuadrado01": ["left", "top"],
            "cuadrado02": ["right", "bottom", "top"],
            "cuadrado03": [],
            "cuadrado04": ["top"],
            "cuadrado05": ["bottom", "top"],
            "cuadrado06": ["bottom"],
            "cuadrado07": ["right"],
            "cuadrado08": ["bottom", "left"],
            "cuadrado09": ["right", "top"],
            "cuadrado10": ["right", "bottom", "left"],
            "cuadrado11": ["left", "top"],
            "cuadrado12": ["top"],
            "cuadrado13": ["right", "bottom", "top"],
            "cuadrado14": ["right", "left"]
        },
        "fila14" : {
            "cuadrado01": ["left"],
            "cuadrado02": ["bottom", "top"],
            "cuadrado03": ["bottom", "right"],
            "cuadrado04": ["right", "left"],
            "cuadrado05": ["top", "left"],
            "cuadrado06": ["bottom", "top"],
            "cuadrado07": ["bottom"],
            "cuadrado08": ["bottom", "right", "top"],
            "cuadrado09": ["left"],
            "cuadrado10": ["bottom", "top"],
            "cuadrado11": ["bottom", "right"],
            "cuadrado12": ["right", "left"],
            "cuadrado13": ["bottom", "left", "top"],
            "cuadrado14": ["right"]
        },
        "fila15" : {
            "cuadrado01": ["left", "right"],
            "cuadrado02": ["left", "top"],
            "cuadrado03": ["bottom", "top"],
            "cuadrado04": ["right"],
            "cuadrado05": ["bottom", "right", "left"],
            "cuadrado06": ["left", "top"],
            "cuadrado07": ["bottom", "top"],
            "cuadrado08": ["right", "top"],
            "cuadrado09": ["right", "left"],
            "cuadrado10": ["left", "top"],
            "cuadrado11": ["top"],
            "cuadrado12": ["bottom"],
            "cuadrado13": ["right", "bottom", "top"],
            "cuadrado14": ["right", "left"]
        },
        "fila16" : {
            "cuadrado01": ["left"],
            "cuadrado02": ["bottom", "right"],
            "cuadrado03": ["right", "top", "left"],
            "cuadrado04": ["bottom", "left"],
            "cuadrado05": ["top"],
            "cuadrado06": ["bottom", "right"],
            "cuadrado07": ["right", "left", "top"],
            "cuadrado08": ["right", "left"],
            "cuadrado09": ["left"],
            "cuadrado10": ["bottom", "right"],
            "cuadrado11": ["right", "left"],
            "cuadrado12": ["top", "left"],
            "cuadrado13": ["bottom", "top"],
            "cuadrado14": ["right"]
        },
        "fila17" : {
            "cuadrado01": ["left", "right"],
            "cuadrado02": ["left", "top"],
            "cuadrado03": ["right", "bottom"],
            "cuadrado04": ["bottom", "top", "left"],
            "cuadrado05": [],
            "cuadrado06": ["right", "top"],
            "cuadrado07": [],
            "cuadrado08": [],
            "cuadrado09": ["bottom"],
            "cuadrado10": ["right", "top"],
            "cuadrado11": ["right", "bottom", "left"],
            "cuadrado12": ["right", "left"],
            "cuadrado13": ["right", "left", "top"],
            "cuadrado14": ["right", "left"]
        },
        "fila18": {
            "cuadrado01": ["left", "bottom"],
            "cuadrado02": ["bottom"],
            "cuadrado03": ["bottom", "top"],
            "cuadrado04": ["bottom", "top"],
            "cuadrado05": ["bottom", "right"],
            "cuadrado06": ["bottom", "left"],
            "cuadrado07": ["bottom", "right"],
            "cuadrado08": ["left"],
            "cuadrado09": ["bottom", "right", "top"],
            "cuadrado10": ["bottom", "left"],
            "cuadrado11": ["bottom", "top"],
            "cuadrado12": ["bottom", "right"],
            "cuadrado13": ["bottom", "left"],
            "cuadrado14": ["right", "bottom"]
        }
    },
    {
        "fila01": {
            "cuadrado01": ["left", "top", "bottom"],
            "cuadrado02": ["top", "bottom"],
            "cuadrado03": ["top", "bottom"],
            "cuadrado04": ["top"],
            "cuadrado05": ["top", "right"],
            "cuadrado06": ["top", "left"],
            "cuadrado07": ["top", "bottom"],
            "cuadrado08": ["top", "bottom"],
            "cuadrado09": ["top", "right"],
            "cuadrado10": ["top", "right", "left"],
            "cuadrado11": ["top", "right", "left"]
        },
        "fila02": {
            "cuadrado01": ["top", "left", "bottom"],
            "cuadrado02": ["top", "bottom"],
            "cuadrado03": ["top"],
            "cuadrado04": ["right"],
            "cuadrado05": ["left", "bottom"],
            "cuadrado06": ["right", "bottom"],
            "cuadrado07": ["top", "left", "bottom"],
            "cuadrado08": ["top"],
            "cuadrado09": ["top", "bottom"],
            "cuadrado10": ["right"],
            "cuadrado11": ["right", "left"]
        },
        "fila03": {
            "cuadrado01": ["left", "top"],
            "cuadrado02": ["top", "bottom"],
            "cuadrado03": ["right"],
            "cuadrado04": ["left", "bottom"],
            "cuadrado05": ["top", "bottom"],
            "cuadrado06": ["top", "right",  "bottom"],
            "cuadrado07": ["top", "left"],
            "cuadrado08": ["bottom"],
            "cuadrado09": ["top", "right"],
            "cuadrado10": ["right", "bottom", "left"],
            "cuadrado11": ["right", "left"]
        },
        "fila04": {
            "cuadrado01": ["left"],
            "cuadrado02": ["top", "right", "bottom"],
            "cuadrado03": ["right", "left"],
            "cuadrado04": ["top", "right", "left"],
            "cuadrado05": ["top", "left"],
            "cuadrado06": ["top", "bottom"],
            "cuadrado07": ["bottom", "right"],
            "cuadrado08": ["left", "top", "right"],
            "cuadrado09": ["left", "right"],
            "cuadrado10": ["left", "top"],
            "cuadrado11": ["right", "bottom"]
        },
        "fila05": {
            "cuadrado01": ["left", "right"],
            "cuadrado02": ["top", "left"],
            "cuadrado03": ["bottom"],
            "cuadrado04": ["bottom", "right"],
            "cuadrado05": ["right", "left"],
            "cuadrado06": ["right", "top", "left"],
            "cuadrado07": ["top", "left"],
            "cuadrado08": [],
            "cuadrado09": ["bottom"],
            "cuadrado10": ["right"],
            "cuadrado11": ["right", "top", "left"]
        },
        "fila06": {
            "cuadrado01": ["left", "bottom", "right"],
            "cuadrado02": ["left", "right"],
            "cuadrado03": ["left", "top"],
            "cuadrado04": ["top", "bottom"],
            "cuadrado05": ["bottom"],
            "cuadrado06": ["right"],
            "cuadrado07": ["right", "left"],
            "cuadrado08": ["left", "bottom"],
            "cuadrado09": ["top", "right"],
            "cuadrado10": ["right", "bottom", "left"],
            "cuadrado11": ["right", "left"]
        },
        "fila07": {
            "cuadrado01": ["left", "top"],
            "cuadrado02": ["right"],
            "cuadrado03": ["left", "right"],
            "cuadrado04": ["left", "top", "bottom"],
            "cuadrado05": ["top", "right"],
            "cuadrado06": ["bottom", "right", "left"],
            "cuadrado07": ["right", "left"],
            "cuadrado08": ["top", "right", "left"],
            "cuadrado09": ["left", "bottom"],
            "cuadrado10": ["bottom", "top"],
            "cuadrado11": ["right", "bottom"]
        },
        "fila08": {
            "cuadrado01": ["left", "right"],
            "cuadrado02": ["left", "right"],
            "cuadrado03": ["left", "bottom"],
            "cuadrado04": ["top", "right"],
            "cuadrado05": ["right", "left"],
            "cuadrado06": ["left", "top"],
            "cuadrado07": ["bottom"],
            "cuadrado08": ["bottom", "right"],
            "cuadrado09": ["top", "left"],
            "cuadrado10": ["top"],
            "cuadrado11": ["top", "right"]
        },
        "fila09": {
            "cuadrado01": ["left", "right"],
            "cuadrado02": ["left"],
            "cuadrado03": ["bottom", "top"],
            "cuadrado04": ["bottom", "right"],
            "cuadrado05": ["right", "left"],
            "cuadrado06": ["right", "left"],
            "cuadrado07": ["right", "left", "top"],
            "cuadrado08": ["left", "top"],
            "cuadrado09": ["bottom"],
            "cuadrado10": ["bottom"],
            "cuadrado11": ["bottom", "right"]
        },
        "fila10": {
            "cuadrado01": ["left", "right"],
            "cuadrado02": ["left", "right"],
            "cuadrado03": ["left", "top"],
            "cuadrado04": ["bottom", "top", "right"],
            "cuadrado05": ["left", "bottom"],
            "cuadrado06": ["right"],
            "cuadrado07": ["bottom", "left"],
            "cuadrado08": [],
            "cuadrado09": ["top"],
            "cuadrado10": ["bottom", "top"],
            "cuadrado11": ["bottom", "top"]
        },
        "fila11": {
            "cuadrado01": ["left", "bottom", "right"],
            "cuadrado02": ["left", "bottom"],
            "cuadrado03": ["bottom", "right"],
            "cuadrado04": ["bottom", "left", "top"],
            "cuadrado05": ["bottom", "top"],
            "cuadrado06": ["bottom"],
            "cuadrado07": ["bottom", "top"],
            "cuadrado08": ["bottom", "right"],
            "cuadrado09": ["bottom", "left"],
            "cuadrado10": ["bottom", "top"],
            "cuadrado11": ["bottom", "right", "top"]
        }
    },
    {
        "fila01": {
            "cuadrado01": ["top", "left"],
            "cuadrado02": ["top", "bottom"],
            "cuadrado03": ["top", "right"],
            "cuadrado04": ["top", "left"],
            "cuadrado05": ["top", "right"],
            "cuadrado06": ["top", "left"],
            "cuadrado07": ["right", "top"],
            "cuadrado08": ["top", "left"],
            "cuadrado09": ["top"],
            "cuadrado10": ["top", "bottom"],
            "cuadrado11": ["top", "bottom"],
            "cuadrado12": ["top", "bottom"],
            "cuadrado13": ["top", "bottom"],
            "cuadrado14": ["top", "bottom"],
            "cuadrado15": ["top", "right", "bottom"]
        },
        "fila02": {
            "cuadrado01": ["left", "right"],
            "cuadrado02": ["top", "left", "bottom"],
            "cuadrado03": ["bottom"],
            "cuadrado04": ["right", "bottom"],
            "cuadrado05": ["left", "bottom"],
            "cuadrado06": ["right", "bottom"],
            "cuadrado07": ["right", "left"],
            "cuadrado08": ["right", "left"],
            "cuadrado09": ["left", "bottom"],
            "cuadrado10": ["top", "bottom"],
            "cuadrado11": ["top", "bottom"],
            "cuadrado12": ["top", "bottom"],
            "cuadrado13": ["top", "bottom"],
            "cuadrado14": ["top", "bottom"],
            "cuadrado15": ["top", "right"]
        },
        "fila03": {
            "cuadrado01": ["left", "bottom"],
            "cuadrado02": ["top", "bottom"],
            "cuadrado03": ["top", "bottom"],
            "cuadrado04": ["top", "bottom"],
            "cuadrado05": ["top", "bottom"],
            "cuadrado06": ["top", "right"],
            "cuadrado07": ["right", "bottom", "left"],
            "cuadrado08": ["bottom", "left"],
            "cuadrado09": ["top", "right"],
            "cuadrado10": ["top", "left", "bottom"],
            "cuadrado11": ["top"],
            "cuadrado12": ["top", "right"],
            "cuadrado13": ["top", "left"],
            "cuadrado14": ["top", "bottom"],
            "cuadrado15": ["right"]
        },
        "fila04": {
            "cuadrado01": ["left", "top"],
            "cuadrado02": ["top", "bottom"],
            "cuadrado03": ["top", "bottom"],
            "cuadrado04": ["top", "bottom"],
            "cuadrado05": ["top", "right"],
            "cuadrado06": ["left"],
            "cuadrado07": ["bottom", "top"],
            "cuadrado08": ["bottom", "top"],
            "cuadrado09": ["right", "bottom"],
            "cuadrado10": ["top", "left"],
            "cuadrado11": ["bottom", "right"],
            "cuadrado12": ["right", "left"],
            "cuadrado13": ["right", "left"],
            "cuadrado14": ["top", "left", "bottom"],
            "cuadrado15": ["right", "bottom"]
        },
        "fila05": {
            "cuadrado01": ["left", "right"],
            "cuadrado02": ["left", "top"],
            "cuadrado03": ["top", "bottom"],
            "cuadrado04": ["top", "right", "bottom"],
            "cuadrado05": ["left", "right"],
            "cuadrado06": ["left", "right"],
            "cuadrado07": ["bottom", "left", "top"],
            "cuadrado08": ["top"],
            "cuadrado09": ["bottom", "top"],
            "cuadrado10": ["bottom", "right"],
            "cuadrado11": ["bottom", "top", "left"],
            "cuadrado12": ["bottom", "right"],
            "cuadrado13": ["left"],
            "cuadrado14": ["top", "bottom"],
            "cuadrado15": ["top", "right"]
        },
        "fila06": {
            "cuadrado01": ["left", "right"],
            "cuadrado02": ["left", "bottom"],
            "cuadrado03": ["top", "bottom"],
            "cuadrado04": ["top", "bottom"],
            "cuadrado05": ["right"],
            "cuadrado06": ["left"],
            "cuadrado07": ["bottom", "top"],
            "cuadrado08": ["bottom", "right"],
            "cuadrado09": ["left", "top"],
            "cuadrado10": ["top"],
            "cuadrado11": ["top"],
            "cuadrado12": ["right", "top"],
            "cuadrado13": ["right", "left"],
            "cuadrado14": ["top", "left"],
            "cuadrado15": ["right"]
        },
        "fila07": {
            "cuadrado01": ["left"],
            "cuadrado02": ["top", "bottom"],
            "cuadrado03": ["top", "bottom"],
            "cuadrado04": ["top", "right"],
            "cuadrado05": ["left", "right"],
            "cuadrado06": ["left", "right"],
            "cuadrado07": ["left", "top"],
            "cuadrado08": ["bottom", "top"],
            "cuadrado09": ["bottom", "right"],
            "cuadrado10": ["left"],
            "cuadrado11": ["right"],
            "cuadrado12": ["right", "left"],
            "cuadrado13": ["right", "left"],
            "cuadrado14": ["right", "left"],
            "cuadrado15": ["right", "bottom", "left"]
        },
        "fila08": {
            "cuadrado01": ["left", "right"],
            "cuadrado02": ["left", "top"],
            "cuadrado03": ["top", "right"],
            "cuadrado04": ["left", "right"],
            "cuadrado05": ["left", "right"],
            "cuadrado06": ["bottom", "left", "right"],
            "cuadrado07": ["left", "right"],
            "cuadrado08": ["left", "top"],
            "cuadrado09": ["right", "bottom", "top"],
            "cuadrado10": ["bottom", "left"],
            "cuadrado11": ["bottom", "right"],
            "cuadrado12": ["right", "left"],
            "cuadrado13": ["right", "bottom", "left"],
            "cuadrado14": ["bottom", "left"],
            "cuadrado15": ["right", "top"]
        },
        "fila09": {
            "cuadrado01": ["left", "right"],
            "cuadrado02": ["left", "right"],
            "cuadrado03": ["left", "right"],
            "cuadrado04": ["left", "left"],
            "cuadrado05": ["bottom", "left"],
            "cuadrado06": ["bottom", "top"],
            "cuadrado07": ["bottom", "right"],
            "cuadrado08": ["bottom", "left"],
            "cuadrado09": ["bottom", "top"],
            "cuadrado10": ["bottom", "top"],
            "cuadrado11": ["bottom", "top"],
            "cuadrado12": ["bottom"],
            "cuadrado13": ["bottom", "top"],
            "cuadrado14": ["bottom", "top"],
            "cuadrado15": ["right"]
        },
        "fila10": {
            "cuadrado01": ["left", "bottom"],
            "cuadrado02": ["bottom", "right"],
            "cuadrado03": ["left", "bottom", "right"],
            "cuadrado04": ["bottom", "left"],
            "cuadrado05": ["bottom", "top"],
            "cuadrado06": ["bottom", "top"],
            "cuadrado07": ["bottom", "top"],
            "cuadrado08": ["bottom", "top"],
            "cuadrado09": ["bottom", "top"],
            "cuadrado10": ["bottom", "top"],
            "cuadrado11": ["top", "right"],
            "cuadrado12": ["left", "bottom", "top"],
            "cuadrado13": ["bottom", "top"],
            "cuadrado14": ["bottom", "top"],
            "cuadrado15": ["bottom", "right"]
        }
    },
    {
        "fila01": {
            "cuadrado01": ["left"],
            "cuadrado02": ["right"],
            "cuadrado03": ["top", "left"],
            "cuadrado04": ["top"],
            "cuadrado05": ["top", "bottom"],
            "cuadrado06": ["top", "bottom"],
            "cuadrado07": ["top", "bottom"],
            "cuadrado08": ["top", "right"],
            "cuadrado09": ["top", "left"],
            "cuadrado10": ["top", "bottom"],
            "cuadrado11": ["top", "bottom"],
            "cuadrado12": ["top"],
            "cuadrado13": ["top", "bottom"],
            "cuadrado14": ["top", "right"]
        },
        "fila02": {
            "cuadrado01": ["left"],
            "cuadrado02": ["right"],
            "cuadrado03": ["left", "right"],
            "cuadrado04": ["left", "right"],
            "cuadrado05": ["top", "left"],
            "cuadrado06": ["top", "bottom"],
            "cuadrado07": ["top", "bottom"],
            "cuadrado08": ["right", "bottom"],
            "cuadrado09": ["right", "left"],
            "cuadrado10": ["top", "left"],
            "cuadrado11": ["right", "top"],
            "cuadrado12": ["right", "left"],
            "cuadrado13": ["top", "left"],
            "cuadrado14": ["bottom", "right"]
        },
        "fila03": {
            "cuadrado01": ["left", "right"],
            "cuadrado02": ["left", "right"],
            "cuadrado03": ["left", "right"],
            "cuadrado04": ["left", "right"],
            "cuadrado05": ["left", "bottom"],
            "cuadrado06": ["top", "bottom"],
            "cuadrado07": ["top", "top"],
            "cuadrado08": ["top", "right"],
            "cuadrado09": ["right", "left"],
            "cuadrado10": ["right", "left"],
            "cuadrado11": ["right", "left"],
            "cuadrado12": ["right", "left"],
            "cuadrado13": ["bottom", "left"],
            "cuadrado14": ["right", "top"]
        } ,
        "fila04": {
            "cuadrado01": ["left", "right"],
            "cuadrado02": ["left", "right"],
            "cuadrado03": ["left", "right"],
            "cuadrado04": ["left", "bottom"],
            "cuadrado05": ["top", "bottom"],
            "cuadrado06": ["top", "bottom"],
            "cuadrado07": ["top", "right"],
            "cuadrado08": ["right", "left"],
            "cuadrado09": ["right", "left"],
            "cuadrado10": ["right", "left"],
            "cuadrado11": ["right", "left"],
            "cuadrado12": ["right", "left"],
            "cuadrado13": ["left", "top"],
            "cuadrado14": ["right", "bottom"]
        } ,
        "fila05": {
            "cuadrado01": ["left", "right"],
            "cuadrado02": ["bottom", "left"],
            "cuadrado03": ["bottom", "right"],
            "cuadrado04": ["left", "top"],
            "cuadrado05": ["top", "bottom"],
            "cuadrado06": ["top", "bottom"],
            "cuadrado07": ["right"],
            "cuadrado08": ["right", "left"],
            "cuadrado09": ["right", "left"],
            "cuadrado10": ["right", "left"],
            "cuadrado11": ["right", "left"],
            "cuadrado12": ["right", "left"],
            "cuadrado13": ["bottom", "left"],
            "cuadrado14": ["right", "top"]
        },
        "fila06": {
            "cuadrado01": ["left", "bottom"],
            "cuadrado02": ["bottom", "top"],
            "cuadrado03": ["top", "right"],
            "cuadrado04": ["left", "right"],
            "cuadrado05": ["left", "top"],
            "cuadrado06": ["top", "bottom"],
            "cuadrado07": ["right", "bottom"],
            "cuadrado08": ["right", "left"],
            "cuadrado09": ["right", "left"],
            "cuadrado10": ["right", "left"],
            "cuadrado11": ["right", "left"],
            "cuadrado12": ["right", "left"],
            "cuadrado13": ["right", "left", "top"],
            "cuadrado14": ["right", "left"]
        } ,
        "fila07": {
            "cuadrado01": ["left", "top"],
            "cuadrado02": ["bottom", "top"],
            "cuadrado03": ["bottom", "right"],
            "cuadrado04": ["left", "right"],
            "cuadrado05": ["left", "right"],
            "cuadrado06": ["top", "bottom", "left"],
            "cuadrado07": ["top", "bottom"],
            "cuadrado08": ["right", "bottom"],
            "cuadrado09": ["right", "left"],
            "cuadrado10": ["right", "left"],
            "cuadrado11": ["right", "left"],
            "cuadrado12": ["bottom", "left"],
            "cuadrado13": ["right"],
            "cuadrado14": ["right", "bottom", "left"]
        },
        "fila08": {
            "cuadrado01": ["left", "bottom"],
            "cuadrado02": ["bottom", "top"],
            "cuadrado03": ["top", "right"],
            "cuadrado04": ["left", "right"],
            "cuadrado05": ["left", "bottom"],
            "cuadrado06": ["bottom", "top"],
            "cuadrado07": ["bottom", "top"],
            "cuadrado08": ["bottom", "top"],
            "cuadrado09": ["bottom", "right"],
            "cuadrado10": ["right", "left"],
            "cuadrado11": ["right", "left"],
            "cuadrado12": ["right", "left", "top"],
            "cuadrado13": ["left"],
            "cuadrado14": ["right", "top"]
        },
        "fila09": {
            "cuadrado01": ["bottom", "left", "top"],
            "cuadrado02": ["bottom", "top"],
            "cuadrado03": ["bottom", "right"],
            "cuadrado04": ["bottom", "left"],
            "cuadrado05": ["bottom", "top"],
            "cuadrado06": ["bottom", "top"],
            "cuadrado07": ["bottom", "top"],
            "cuadrado08": ["bottom", "top"],
            "cuadrado09": ["bottom", "top"],
            "cuadrado10": ["bottom", "right"],
            "cuadrado11": ["bottom", "left"],
            "cuadrado12": ["bottom", "right"],
            "cuadrado13": ["left"],
            "cuadrado14": ["right"]
        }     
    }
]