[
    {
        "tabla1": {
            "fila1": [6, null, 8],
            "fila2": [4, 1, null],
            "fila3": [null, 3, null]
        },
        "tabla2": {
            "fila1": [1, null, null],
            "fila2": [5, 6, 8],
            "fila3": [7, null, null]
        },
        "tabla3": {
            "fila1": [null, null, null],
            "fila2": [null, 7, 3],
            "fila3": [8, 1, 6]
        },
        "tabla4": {
            "fila1": [null, 6, 3],
            "fila2": [8, 5, null],
            "fila3": [9, 4, 2]
        },
        "tabla5": {
            "fila1": [4, null, null],
            "fila2": [null, null, null],
            "fila3": [null, 7, 3]
        },
        "tabla6": {
            "fila1": [9, 8, 7],
            "fila2": [null, 2, 4],
            "fila3": [5, 6, null]
        },
        "tabla7": {
            "fila1": [5, 2, 6],
            "fila2": [3, 9, null],
            "fila3": [null, null, null]
        },
        "tabla8": {
            "fila1": [null, null, 1],
            "fila2": [2, null, 7],
            "fila3": [null, 5, 6]
        },
        "tabla9": {
            "fila1": [null, 3, null],
            "fila2": [null, 4, 5],
            "fila3": [1, null, 2]
        }
    },
    {
        "tabla1": {
            "fila1": [3, 8, 9],
            "fila2": [null, null, 2],
            "fila3": [null, null, 6]
        },
        "tabla2": {
            "fila1": [null, 2, null],
            "fila2": [6, 3, null],
            "fila3": [null, null, 9]
        },
        "tabla3": {
            "fila1": [6, null, 7],
            "fila2": [1, 4, 9],
            "fila3": [null, 2, null]
        },
        "tabla4": {
            "fila1": [4, 1, null],
            "fila2": [null, 9, 3],
            "fila3": [null, 6, 8]
        },
        "tabla5": {
            "fila1": [null, 8, null],
            "fila2": [5, null, 6],
            "fila3": [null, 4, null]
        },
        "tabla6": {
            "fila1": [7, 9, null],
            "fila2": [8, 1, null],
            "fila3": [null, 3, 2]
        },
        "tabla7": {
            "fila1": [null, 5, null],
            "fila2": [6, 3, 7],
            "fila3": [9, null, 1]
        },
        "tabla8": {
            "fila1": [null, null, null],    
            "fila2": [4, 9, null],
            "fila3": [null, 6, 3]
        },
        "tabla9": {
            "fila1": [9, null, null],
            "fila2": [2, null, null],
            "fila3": [4, 7, 5]
        }
    },
    {
        "tabla1": {
            "fila1": [null, null, 1],
            "fila2": [4, 6, 3],
            "fila3": [5, null, null]
        },
        "tabla2": {
            "fila1": [4, 2, null],
            "fila2": [null, 8, null],
            "fila3": [6, null, 9]
        },
        "tabla3": {
            "fila1": [null, 6, 8],
            "fila2": [1, null, 9],
            "fila3": [4, 3, 7]
        },
        "tabla4": {
            "fila1": [null, null, 7],
            "fila2": [null, null, null],
            "fila3": [3, 5, null]
        },
        "tabla5": {
            "fila1": [null, null, 8],
            "fila2": [null, 7, null],
            "fila3": [2, null, null]
        },
        "tabla6": {
            "fila1": [null, 9, 5],
            "fila2": [null, null, null],
            "fila3": [6, null, null]
        },
        "tabla7": {
            "fila1": [8, 2, 9],
            "fila2": [6, null, 5],
            "fila3": [7, 3, null]
        },
        "tabla8": {
            "fila1": [1, null, 7],
            "fila2": [null, 3, null],
            "fila3": [null, 5, 6]
        },
        "tabla9": {
            "fila1": [null, null, 6],
            "fila2": [7, 8, 3],
            "fila3": [9, null, null]
        }
    },
    {
        "tabla1": {
            "fila1": [null, null, 4],
            "fila2": [null, 6, 2],
            "fila3": [5, null, null]
        },
        "tabla2": {
            "fila1": [3, null, null],
            "fila2": [null, 1, 8],
            "fila3": [null, null, 9]
        },
        "tabla3": {
            "fila1": [6, null, 7],
            "fila2": [null, 3, 5],
            "fila3": [null, null, 2]
        },
        "tabla4": {
            "fila1": [2, 3, null],
            "fila2": [4, null, null],
            "fila3": [8, null, 9]
        },
        "tabla5": {
            "fila1": [1, null, 6],
            "fila2": [9, 5, 7],
            "fila3": [2, null, 4]
        },
        "tabla6": {
            "fila1": [4, null, 9],
            "fila2": [null, null, 3],
            "fila3": [null, 1, 6]
        },
        "tabla7": {
            "fila1": [6, null, null],
            "fila2": [9, 2, null],
            "fila3": [3, null, 5]
        },
        "tabla8": {
            "fila1": [5, null, null],
            "fila2": [7, 4, null],
            "fila3": [null, null, 1]
        },
        "tabla9": {
            "fila1": [null, null, 8],
            "fila2": [5, 6, null],
            "fila3": [2, null, null]
        }
    }       
]