[
    {
        "fila01" : {
            "cuadrado01": ["border-top", "border-left"],
            "cuadrado02": ["border-top", "border-right"],
            "cuadrado03": ["border-top"],
            "cuadrado04": ["border-top"],
            "cuadrado05": ["border-top"],
            "cuadrado06": ["border-top"],
            "cuadrado07": [],
            "cuadrado08": ["border-top", "border-left"],
            "cuadrado09": ["border-top"],
            "cuadrado10": ["border-top"],
            "cuadrado11": ["border-top", "border-right"],
            "cuadrado12": ["border-top"],
            "cuadrado13": ["border-top"],
            "cuadrado14": ["border-top", "border-right"]
        },
        "fila02" : {
            "cuadrado01": ["border-left"],
            "cuadrado02": ["border-left", "border-top"],
            "cuadrado03": ["border-right"],
            "cuadrado04": ["border-top"],
            "cuadrado05": ["border-top", "border-right"],
            "cuadrado06": ["border-right", "border-bottom"],
            "cuadrado07": [],
            "cuadrado08": ["border-left"],
            "cuadrado09": ["border-left"],
            "cuadrado10": ["border-right", "border-top"],
            "cuadrado11": ["border-right"],
            "cuadrado12": ["border-right"],
            "cuadrado13": ["border-top", "border-right"],
            "cuadrado14": ["border-right"]
        },
        "fila03" : {
            "cuadrado01": ["border-left"],
            "cuadrado02": ["border-top"],
            "cuadrado03": ["border-top", "border-right"],
            "cuadrado04": ["border-right", "border-bottom"],
            "cuadrado05": [],
            "cuadrado06": ["border-right"],
            "cuadrado07": [],
            "cuadrado08": ["border-left"],
            "cuadrado09": ["border-top", "border-right"],
            "cuadrado10": ["border-right"],
            "cuadrado11": ["border-bottom"],
            "cuadrado12": ["border-bottom", "border-right"],
            "cuadrado13": ["border-right"],
            "cuadrado14": ["border-right"]
        },
        "fila04" : {
            "cuadrado01": ["border-left", "border-bottom"],
            "cuadrado02": ["border-top", "border-left"],
            "cuadrado03": ["border-left", "border-bottom"],
            "cuadrado04": ["border-bottom"],
            "cuadrado05": ["border-bottom", "border-right"],
            "cuadrado06": ["border-right"],
            "cuadrado07": [],
            "cuadrado08": ["border-top"],
            "cuadrado09": ["border-top"],
            "cuadrado10": ["border-right"],
            "cuadrado11": [],
            "cuadrado12": ["border-bottom"],
            "cuadrado13": ["border-bottom", "border-right"],
            "cuadrado14": ["border-right"]
        },
        "fila05" : {
            "cuadrado01": ["border-left"],
            "cuadrado02": [],
            "cuadrado03": ["border-left"],
            "cuadrado04": ["border-bottom"],
            "cuadrado05": ["border-bottom"],
            "cuadrado06": ["border-bottom", "border-right"],
            "cuadrado07": ["border-right"],
            "cuadrado08": ["border-top"],
            "cuadrado09": [],
            "cuadrado10": ["border-right"],
            "cuadrado11": [],
            "cuadrado12": ["border-bottom"],
            "cuadrado13": ["border-bottom"],
            "cuadrado14": ["border-right", "border-bottom"]
        },
        "fila06" : {
            "cuadrado01": ["border-left"],
            "cuadrado02": ["border-left", "border-bottom"],
            "cuadrado03": [],
            "cuadrado04": ["border-left", "border-bottom"],
            "cuadrado05": ["border-bottom"],
            "cuadrado06": ["border-bottom"],
            "cuadrado07": ["border-right"],
            "cuadrado08": ["border-top"],
            "cuadrado09": ["border-top"],
            "cuadrado10": ["border-top"],
            "cuadrado11": [],
            "cuadrado12": [],
            "cuadrado13": ["border-right"],
            "cuadrado14": ["border-right"]
        },
        "fila07" : {
            "cuadrado01": ["border-left", "border-bottom"],
            "cuadrado02": ["border-right"],
            "cuadrado03": ["border-bottom", "border-right"],
            "cuadrado04": [],
            "cuadrado05": [],
            "cuadrado06": [],
            "cuadrado07": ["border-left"],
            "cuadrado08": ["border-top"],
            "cuadrado09": ["border-top"],
            "cuadrado10": ["border-top","border-right"],
            "cuadrado11": ["border-top"],
            "cuadrado12": ["border-top", "border-right"],
            "cuadrado13": ["border-bottom"],
            "cuadrado14": ["border-right"]
        },
        "fila08" : {
            "cuadrado01": ["border-left"],
            "cuadrado02": ["border-left", "border-bottom"],
            "cuadrado03": ["border-bottom"],
            "cuadrado04": ["border-bottom", "border-right"],
            "cuadrado05": ["border-right"],
            "cuadrado06": ["border-top"],
            "cuadrado07": ["border-right"],
            "cuadrado08": ["border-top"],
            "cuadrado09": ["border-top"],
            "cuadrado10": ["border-top"],
            "cuadrado11": ["border-right"],
            "cuadrado12": [],
            "cuadrado13": ["border-right"],
            "cuadrado14": ["border-right"]
        },
        "fila09" : {
            "cuadrado01": ["border-left"],
            "cuadrado02": ["border-bottom"],
            "cuadrado03": ["border-bottom"],
            "cuadrado04": [],
            "cuadrado05": [],
            "cuadrado06": ["border-right", "border-top"],
            "cuadrado07": [],
            "cuadrado08": ["border-top"],
            "cuadrado09": ["border-right", "border-top"],
            "cuadrado10": ["border-right"],
            "cuadrado11": ["border-top"],
            "cuadrado12": ["border-top"],
            "cuadrado13": ["border-right"],
            "cuadrado14": ["border-right"]
        },
        "fila10" : {
            "cuadrado01": ["border-left"],
            "cuadrado02": ["border-left"],
            "cuadrado03": ["border-bottom"],
            "cuadrado04": ["border-right"],
            "cuadrado05": ["border-top"],
            "cuadrado06": ["border-top"],
            "cuadrado07": ["border-top"],
            "cuadrado08": ["border-right", "border-top"],
            "cuadrado09": ["border-top"],
            "cuadrado10": [],
            "cuadrado11": ["border-top"],
            "cuadrado12": ["border-right", "border-top"],
            "cuadrado13": [],
            "cuadrado14": ["border-right"]
        },
        "fila11" : {
            "cuadrado01": ["border-left"],
            "cuadrado02": ["border-left", "border-bottom"],
            "cuadrado03": ["border-bottom"],
            "cuadrado04": ["border-right"],
            "cuadrado05": ["border-right"],
            "cuadrado06": ["border-right", "border-top"],
            "cuadrado07": ["border-right"],
            "cuadrado08": ["border-right"],
            "cuadrado09": ["border-right"],
            "cuadrado10": ["border-top"],
            "cuadrado11": ["border-right", "border-top"],
            "cuadrado12": ["border-right"],
            "cuadrado13": ["border-right"],
            "cuadrado14": ["border-right", "border-bottom"]
        }, 
        "fila12" : {
            "cuadrado01": ["border-left", "border-bottom"],
            "cuadrado02": ["border-bottom"],
            "cuadrado03": [],
            "cuadrado04": ["border-bottom", "border-left"],
            "cuadrado05": ["border-bottom", "border-right"],
            "cuadrado06": ["border-right"],
            "cuadrado07": ["border-right"],
            "cuadrado08": ["border-right"],
            "cuadrado09": ["border-bottom"],
            "cuadrado10": ["border-right", "border-top"],
            "cuadrado11": ["border-bottom"],
            "cuadrado12": ["border-right", "border-bottom"],
            "cuadrado13": ["border-bottom"],
            "cuadrado14": ["border-right"]
        },
        "fila13" : {
            "cuadrado01": ["border-left"],
            "cuadrado02": ["border-right", "border-bottom"],
            "cuadrado03": [],
            "cuadrado04": [],
            "cuadrado05": ["border-bottom"],
            "cuadrado06": ["border-bottom"],
            "cuadrado07": ["border-right"],
            "cuadrado08": ["border-bottom"],
            "cuadrado09": ["border-right"],
            "cuadrado10": ["border-right", "border-bottom"],
            "cuadrado11": [],
            "cuadrado12": [],
            "cuadrado13": ["border-right", "border-bottom"],
            "cuadrado14": ["border-right"]
        },
        "fila14" : {        
            "cuadrado01": ["border-left"],
            "cuadrado02": ["border-bottom"],
            "cuadrado03": ["border-bottom", "border-right"],
            "cuadrado04": ["border-right"],
            "cuadrado05": [],
            "cuadrado06": ["border-bottom"],
            "cuadrado07": ["border-bottom"],
            "cuadrado08": ["border-bottom", "border-right"],
            "cuadrado09": [],
            "cuadrado10": ["border-bottom"],
            "cuadrado11": ["border-bottom", "border-right"],
            "cuadrado12": ["border-right"],
            "cuadrado13": ["border-bottom"],
            "cuadrado14": ["border-right"]
        },
        "fila15" : {
            "cuadrado01": ["border-left"],
            "cuadrado02": ["border-left"],
            "cuadrado03": ["border-bottom"],
            "cuadrado04": ["border-right"],
            "cuadrado05": ["border-bottom", "border-right"],
            "cuadrado06": [],
            "cuadrado07": ["border-bottom"],
            "cuadrado08": ["border-right"],
            "cuadrado09": ["border-right"],
            "cuadrado10": [],
            "cuadrado11": [],
            "cuadrado12": ["border-bottom"],
            "cuadrado13": ["border-right", "border-bottom"],
            "cuadrado14": ["border-right"]
        },
        "fila16" : {
            "cuadrado01": ["border-left"],
            "cuadrado02": ["border-bottom", "border-right"],
            "cuadrado03": ["border-right"],
            "cuadrado04": ["border-bottom"],
            "cuadrado05": [],
            "cuadrado06": ["border-bottom", "border-right"],
            "cuadrado07": ["border-right"],
            "cuadrado08": ["border-right"],
            "cuadrado09": [],
            "cuadrado10": ["border-bottom", "border-right"],
            "cuadrado11": ["border-right"],
            "cuadrado12": [],
            "cuadrado13": ["border-bottom"],
            "cuadrado14": ["border-right"]
        },
        "fila17" : {
            "cuadrado01": ["border-left"],
            "cuadrado02": ["border-left"],
            "cuadrado03": ["border-right", "border-bottom"],
            "cuadrado04": ["border-bottom"],
            "cuadrado05": [],
            "cuadrado06": ["border-right"],
            "cuadrado07": [],
            "cuadrado08": [],
            "cuadrado09": ["border-bottom"],
            "cuadrado10": ["border-right"],
            "cuadrado11": ["border-right", "border-bottom"],
            "cuadrado12": ["border-right"],
            "cuadrado13": ["border-right"],
            "cuadrado14": ["border-right"]
        },
        "fila18": {
            "cuadrado01": ["border-left", "border-bottom"],
            "cuadrado02": ["border-bottom"],
            "cuadrado03": ["border-bottom"],
            "cuadrado04": ["border-bottom"],
            "cuadrado05": ["border-bottom", "border-right"],
            "cuadrado06": ["border-bottom"],
            "cuadrado07": ["border-bottom", "border-right"],
            "cuadrado08": [],
            "cuadrado09": ["border-bottom", "border-right"],
            "cuadrado10": ["border-bottom"],
            "cuadrado11": ["border-bottom"],
            "cuadrado12": ["border-bottom", "border-right"],
            "cuadrado13": ["border-bottom"],
            "cuadrado14": ["border-right", "border-bottom"]
        }
    },
    {
        "fila01": {
            "cuadrado01": ["border-left", "border-top"],
            "cuadrado02": ["border-top"],
            "cuadrado03": ["border-top"],
            "cuadrado04": ["border-top"],
            "cuadrado05": ["border-top", "border-right"],
            "cuadrado06": ["border-top"],
            "cuadrado07": ["border-top"],
            "cuadrado08": ["border-top"],
            "cuadrado09": ["border-top", "border-right"],
            "cuadrado10": ["border-top", "border-right"],
            "cuadrado11": ["border-top", "border-right"]
        },
        "fila02": {
            "cuadrado01": ["border-top"],
            "cuadrado02": ["border-top"],
            "cuadrado03": ["border-top"],
            "cuadrado04": [],
            "cuadrado05": ["border-left"],
            "cuadrado06": ["border-right"],
            "cuadrado07": ["border-top"],
            "cuadrado08": ["border-top"],
            "cuadrado09": ["border-top"],
            "cuadrado10": ["border-right"],
            "cuadrado11": ["border-right"]
        },
        "fila03": {
            "cuadrado01": ["border-left", "border-top"],
            "cuadrado02": ["border-top"],
            "cuadrado03": ["border-right"],
            "cuadrado04": [],
            "cuadrado05": ["border-top"],
            "cuadrado06": ["border-top", "border-right"],
            "cuadrado07": ["border-top"],
            "cuadrado08": [],
            "cuadrado09": ["border-top", "border-right"],
            "cuadrado10": ["border-right", "border-bottom"],
            "cuadrado11": ["border-right"]
        },
        "fila04": {
            "cuadrado01": ["border-left"],
            "cuadrado02": ["border-top", "border-right"],
            "cuadrado03": ["border-right"],
            "cuadrado04": ["border-top", "border-right"],
            "cuadrado05": ["border-top"],
            "cuadrado06": ["border-top"],
            "cuadrado07": [],
            "cuadrado08": ["border-left", "border-top"],
            "cuadrado09": ["border-left"],
            "cuadrado10": ["border-left"],
            "cuadrado11": ["border-right"]
        },
        "fila05": {
            "cuadrado01": ["border-left"],
            "cuadrado02": ["border-top", "border-left"],
            "cuadrado03": ["border-bottom"],
            "cuadrado04": ["border-bottom", "border-right"],
            "cuadrado05": ["border-right"],
            "cuadrado06": ["border-right", "border-top"],
            "cuadrado07": ["border-top"],
            "cuadrado08": [],
            "cuadrado09": ["border-bottom"],
            "cuadrado10": ["border-right"],
            "cuadrado11": ["border-right", "border-top"]
        },
        "fila06": {
            "cuadrado01": ["border-left", "border-bottom"],
            "cuadrado02": ["border-left"],
            "cuadrado03": ["border-left"],
            "cuadrado04": ["border-top"],
            "cuadrado05": [],
            "cuadrado06": ["border-right"],
            "cuadrado07": ["border-right"],
            "cuadrado08": [],
            "cuadrado09": ["border-top", "border-right"],
            "cuadrado10": ["border-right", "border-bottom"],
            "cuadrado11": ["border-right"]
        },
        "fila07": {
            "cuadrado01": ["border-left"],
            "cuadrado02": [],
            "cuadrado03": ["border-left"],
            "cuadrado04": ["border-left", "border-top"],
            "cuadrado05": ["border-top", "border-right"],
            "cuadrado06": ["border-bottom", "border-right"],
            "cuadrado07": ["border-right"],
            "cuadrado08": ["border-top", "border-right"],
            "cuadrado09": [],
            "cuadrado10": [],
            "cuadrado11": ["border-right"]
        },
        "fila08": {
            "cuadrado01": ["border-left"],
            "cuadrado02": ["border-left"],
            "cuadrado03": ["border-left", "border-bottom"],
            "cuadrado04": ["border-top", "border-right"],
            "cuadrado05": ["border-right"],
            "cuadrado06": [],
            "cuadrado07": ["border-bottom"],
            "cuadrado08": ["border-bottom", "border-right"],
            "cuadrado09": ["border-top"],
            "cuadrado10": ["border-top"],
            "cuadrado11": ["border-top", "border-right"]
        },
        "fila09": {
            "cuadrado01": ["border-left"],
            "cuadrado02": ["border-left"],
            "cuadrado03": ["border-bottom"],
            "cuadrado04": ["border-bottom", "border-right"],
            "cuadrado05": ["border-right"],
            "cuadrado06": ["border-right"],
            "cuadrado07": ["border-right"],
            "cuadrado08": [],
            "cuadrado09": ["border-bottom"],
            "cuadrado10": ["border-bottom"],
            "cuadrado11": ["border-bottom", "border-right"]
        },
        "fila10": {
            "cuadrado01": ["border-left"],
            "cuadrado02": ["border-left"],
            "cuadrado03": ["border-left"],
            "cuadrado04": ["border-bottom"],
            "cuadrado05": ["border-left", "border-bottom"],
            "cuadrado06": ["border-right"],
            "cuadrado07": ["border-bottom"],
            "cuadrado08": [],
            "cuadrado09": [],
            "cuadrado10": ["border-bottom"],
            "cuadrado11": ["border-bottom"]
        },
        "fila11": {
            "cuadrado01": ["border-left", "border-bottom"],
            "cuadrado02": ["border-left", "border-bottom"],
            "cuadrado03": ["border-bottom", "border-right"],
            "cuadrado04": ["border-bottom"],
            "cuadrado05": ["border-bottom"],
            "cuadrado06": ["border-bottom"],
            "cuadrado07": ["border-bottom"],
            "cuadrado08": ["border-bottom", "border-right"],
            "cuadrado09": ["border-bottom"],
            "cuadrado10": ["border-bottom"],
            "cuadrado11": ["border-bottom", "border-right"]
        }
    },
    {
        "fila01": {
            "cuadrado01": ["border-top", "border-left"],
            "cuadrado02": ["border-top"],
            "cuadrado03": ["border-top", "border-right"],
            "cuadrado04": ["border-top"],
            "cuadrado05": ["border-top", "border-right"],
            "cuadrado06": ["border-top"],
            "cuadrado07": ["border-right"],
            "cuadrado08": ["border-top"],
            "cuadrado09": ["border-top"],
            "cuadrado10": ["border-top"],
            "cuadrado11": ["border-top"],
            "cuadrado12": ["border-top"],
            "cuadrado13": ["border-top"],
            "cuadrado14": ["border-top"],
            "cuadrado15": ["border-top", "border-right"]
        },
        "fila02": {
            "cuadrado01": ["border-left"],
            "cuadrado02": ["border-top", "border-left"],
            "cuadrado03": [],
            "cuadrado04": ["border-right"],
            "cuadrado05": [],
            "cuadrado06": ["border-right"],
            "cuadrado07": ["border-right"],
            "cuadrado08": ["border-right"],
            "cuadrado09": [],
            "cuadrado10": ["border-top"],
            "cuadrado11": ["border-top"],
            "cuadrado12": ["border-top"],
            "cuadrado13": ["border-top"],
            "cuadrado14": ["border-top"],
            "cuadrado15": ["border-top", "border-right"]
        },
        "fila03": {
            "cuadrado01": ["border-left"],
            "cuadrado02": ["border-top"],
            "cuadrado03": ["border-top"],
            "cuadrado04": ["border-top"],
            "cuadrado05": ["border-top"],
            "cuadrado06": ["border-top", "border-right"],
            "cuadrado07": ["border-right", "border-bottom"],
            "cuadrado08": ["border-bottom"],
            "cuadrado09": ["border-top", "border-right"],
            "cuadrado10": ["border-top"],
            "cuadrado11": ["border-top"],
            "cuadrado12": ["border-top", "border-right"],
            "cuadrado13": ["border-top"],
            "cuadrado14": ["border-top"],
            "cuadrado15": ["border-right"]
        },
        "fila04": {
            "cuadrado01": ["border-left", "border-top"],
            "cuadrado02": ["border-top"],
            "cuadrado03": ["border-top"],
            "cuadrado04": ["border-top"],
            "cuadrado05": ["border-top"],
            "cuadrado06": ["border-left"],
            "cuadrado07": ["border-bottom"],
            "cuadrado08": ["border-bottom"],
            "cuadrado09": ["border-right", "border-bottom"],
            "cuadrado10": ["border-top"],
            "cuadrado11": ["border-bottom", "border-right"],
            "cuadrado12": ["border-right"],
            "cuadrado13": ["border-right"],
            "cuadrado14": ["border-top"],
            "cuadrado15": ["border-right"]
        },
        "fila05": {
            "cuadrado01": ["border-left"],
            "cuadrado02": ["border-left", "border-top"],
            "cuadrado03": ["border-top"],
            "cuadrado04": ["border-top", "border-right"],
            "cuadrado05": [],
            "cuadrado06": ["border-left"],
            "cuadrado07": ["border-bottom", "border-left"],
            "cuadrado08": [],
            "cuadrado09": ["border-bottom"],
            "cuadrado10": ["border-bottom", "border-right"],
            "cuadrado11": ["border-bottom"],
            "cuadrado12": ["border-bottom", "border-right"],
            "cuadrado13": [],
            "cuadrado14": ["border-top"],
            "cuadrado15": ["border-top", "border-right"]
        },
        "fila06": {
            "cuadrado01": ["border-left"],
            "cuadrado02": ["border-left"],
            "cuadrado03": ["border-top"],
            "cuadrado04": ["border-top"],
            "cuadrado05": [],
            "cuadrado06": ["border-left"],
            "cuadrado07": ["border-bottom"],
            "cuadrado08": ["border-bottom", "border-right"],
            "cuadrado09": [],
            "cuadrado10": [],
            "cuadrado11": [],
            "cuadrado12": ["border-right"],
            "cuadrado13": ["border-right"],
            "cuadrado14": ["border-top"],
            "cuadrado15": ["border-right"]
        },
        "fila07": {
            "cuadrado01": ["border-left"],
            "cuadrado02": ["border-top"],
            "cuadrado03": ["border-top"],
            "cuadrado04": ["border-top"],
            "cuadrado05": ["border-left"],
            "cuadrado06": ["border-left"],
            "cuadrado07": ["border-left"],
            "cuadrado08": ["border-bottom"],
            "cuadrado09": ["border-bottom", "border-right"],
            "cuadrado10": [],
            "cuadrado11": ["border-right"],
            "cuadrado12": ["border-right"],
            "cuadrado13": ["border-right"],
            "cuadrado14": ["border-right"],
            "cuadrado15": ["border-right", "border-bottom"]
        },
        "fila08": {
            "cuadrado01": ["border-left"],
            "cuadrado02": ["border-left", "border-top"],
            "cuadrado03": ["border-top"],
            "cuadrado04": ["border-left"],
            "cuadrado05": ["border-left"],
            "cuadrado06": ["border-bottom", "border-left"],
            "cuadrado07": ["border-left"],
            "cuadrado08": [],
            "cuadrado09": ["border-right", "border-bottom"],
            "cuadrado10": ["border-bottom"],
            "cuadrado11": ["border-bottom", "border-right"],
            "cuadrado12": ["border-right"],
            "cuadrado13": ["border-right", "border-bottom"],
            "cuadrado14": ["border-bottom"],
            "cuadrado15": ["border-right"]
        },
        "fila09": {
            "cuadrado01": ["border-left"],
            "cuadrado02": ["border-left"],
            "cuadrado03": ["border-left"],
            "cuadrado04": ["border-left"],
            "cuadrado05": ["border-bottom", "border-left"],
            "cuadrado06": ["border-bottom"],
            "cuadrado07": ["border-bottom", "border-right"],
            "cuadrado08": ["border-bottom"],
            "cuadrado09": ["border-bottom"],
            "cuadrado10": ["border-bottom"],
            "cuadrado11": ["border-bottom"],
            "cuadrado12": ["border-bottom"],
            "cuadrado13": ["border-bottom"],
            "cuadrado14": ["border-bottom"],
            "cuadrado15": ["border-right"]
        },
        "fila10": {
            "cuadrado01": ["border-left", "border-bottom"],
            "cuadrado02": ["border-bottom"],
            "cuadrado03": ["border-left", "border-bottom"],
            "cuadrado04": ["border-bottom", "border-left"],
            "cuadrado05": ["border-bottom"],
            "cuadrado06": ["border-bottom"],
            "cuadrado07": ["border-bottom"],
            "cuadrado08": ["border-bottom"],
            "cuadrado09": ["border-bottom"],
            "cuadrado10": ["border-bottom"],
            "cuadrado11": [],
            "cuadrado12": ["border-left", "border-bottom"],
            "cuadrado13": ["border-bottom"],
            "cuadrado14": ["border-bottom"],
            "cuadrado15": ["border-bottom", "border-right"]
        }
    },
    {
        "fila01": {
            "cuadrado01": ["border-left"],
            "cuadrado02": [],
            "cuadrado03": ["border-top", "border-left"],
            "cuadrado04": ["border-top"],
            "cuadrado05": ["border-top"],
            "cuadrado06": ["border-top"],
            "cuadrado07": ["border-top"],
            "cuadrado08": ["border-top", "border-right"],
            "cuadrado09": ["border-top"],
            "cuadrado10": ["border-top"],
            "cuadrado11": ["border-top"],
            "cuadrado12": ["border-top"],
            "cuadrado13": ["border-top"],
            "cuadrado14": ["border-top", "border-right"]
        },
        "fila02": {
            "cuadrado01": ["border-left"],
            "cuadrado02": [],
            "cuadrado03": ["border-left"],
            "cuadrado04": ["border-left"],
            "cuadrado05": ["border-top", "border-left"],
            "cuadrado06": ["border-top"],
            "cuadrado07": ["border-top"],
            "cuadrado08": ["border-right"],
            "cuadrado09": ["border-right"],
            "cuadrado10": ["border-top"],
            "cuadrado11": ["border-right", "border-top"],
            "cuadrado12": ["border-right"],
            "cuadrado13": ["border-top"],
            "cuadrado14": ["border-bottom", "border-right"]
        },
        "fila03": {
            "cuadrado01": ["border-left"],
            "cuadrado02": ["border-left"],
            "cuadrado03": ["border-left"],
            "cuadrado04": ["border-left"],
            "cuadrado05": ["border-left"],
            "cuadrado06": ["border-top"],
            "cuadrado07": ["border-top"],
            "cuadrado08": ["border-top", "border-right"],
            "cuadrado09": ["border-right"],
            "cuadrado10": ["border-right"],
            "cuadrado11": ["border-right"],
            "cuadrado12": ["border-right"],
            "cuadrado13": ["border-bottom"],
            "cuadrado14": ["border-right"]
        } ,
        "fila04": {
            "cuadrado01": ["border-left"],
            "cuadrado02": ["border-left"],
            "cuadrado03": ["border-left"],
            "cuadrado04": ["border-left"],
            "cuadrado05": ["border-top"],
            "cuadrado06": ["border-top"],
            "cuadrado07": ["border-top", "border-right"],
            "cuadrado08": ["border-right"],
            "cuadrado09": ["border-right"],
            "cuadrado10": ["border-right"],
            "cuadrado11": ["border-right"],
            "cuadrado12": ["border-right"],
            "cuadrado13": [],
            "cuadrado14": ["border-right", "border-bottom"]
        } ,
        "fila05": {
            "cuadrado01": ["border-left"],
            "cuadrado02": ["border-bottom", "border-left"],
            "cuadrado03": ["border-bottom"],
            "cuadrado04": ["border-left", "border-top"],
            "cuadrado05": ["border-top"],
            "cuadrado06": ["border-top"],
            "cuadrado07": ["border-right"],
            "cuadrado08": ["border-right"],
            "cuadrado09": ["border-right"],
            "cuadrado10": ["border-right"],
            "cuadrado11": ["border-right"],
            "cuadrado12": ["border-right"],
            "cuadrado13": ["border-bottom"],
            "cuadrado14": ["border-right"]
        },
        "fila06": {
            "cuadrado01": ["border-left", "border-bottom"],
            "cuadrado02": ["border-bottom"],
            "cuadrado03": [],
            "cuadrado04": ["border-left"],
            "cuadrado05": ["border-left", "border-top"],
            "cuadrado06": ["border-top"],
            "cuadrado07": ["border-right"],
            "cuadrado08": ["border-right"],
            "cuadrado09": ["border-right"],
            "cuadrado10": ["border-right"],
            "cuadrado11": ["border-right"],
            "cuadrado12": ["border-right"],
            "cuadrado13": ["border-right"],
            "cuadrado14": ["border-right"]
        } ,
        "fila07": {
            "cuadrado01": ["border-left"],
            "cuadrado02": ["border-bottom"],
            "cuadrado03": ["border-bottom"],
            "cuadrado04": ["border-left"],
            "cuadrado05": ["border-left"],
            "cuadrado06": ["border-top", "border-bottom", "border-left"],
            "cuadrado07": ["border-top", "border-bottom"],
            "cuadrado08": ["border-right", "border-bottom"],
            "cuadrado09": ["border-right"],
            "cuadrado10": ["border-right"],
            "cuadrado11": ["border-right"],
            "cuadrado12": ["border-bottom"],
            "cuadrado13": ["border-right"],
            "cuadrado14": ["border-right", "border-bottom"]
        },
        "fila08": {
            "cuadrado01": ["border-left", "border-bottom"],
            "cuadrado02": ["border-bottom"],
            "cuadrado03": [],
            "cuadrado04": ["border-left"],
            "cuadrado05": ["border-left", "border-bottom"],
            "cuadrado06": ["border-bottom"],
            "cuadrado07": ["border-bottom"],
            "cuadrado08": ["border-bottom"],
            "cuadrado09": ["border-bottom", "border-right"],
            "cuadrado10": ["border-right"],
            "cuadrado11": ["border-right"],
            "cuadrado12": ["border-right"],
            "cuadrado13": [],
            "cuadrado14": ["border-right"]
        },
        "fila09": {
            "cuadrado01": ["border-bottom", "border-left"],
            "cuadrado02": ["border-bottom"],
            "cuadrado03": ["border-bottom", "border-right"],
            "cuadrado04": ["border-bottom"],
            "cuadrado05": ["border-bottom"],
            "cuadrado06": ["border-bottom"],
            "cuadrado07": ["border-bottom"],
            "cuadrado08": ["border-bottom"],
            "cuadrado09": ["border-bottom"],
            "cuadrado10": ["border-bottom", "border-right"],
            "cuadrado11": ["border-bottom"],
            "cuadrado12": ["border-bottom", "border-right"],
            "cuadrado13": [],
            "cuadrado14": ["border-right"]
        }     
    }
]