[
    {
        "fila01" : {
            "cuadrado01": ["left", "top"],
            "cuadrado02": ["top", "bottom"],
            "cuadrado03": ["top"],
            "cuadrado04": ["top", "right"],
            "cuadrado05": ["top", "bottom", "left"],
            "cuadrado06": ["top"],
            "cuadrado07": ["top", "bottom"],
            "cuadrado08": ["top", "bottom"],
            "cuadrado09": ["top", "right"],
            "cuadrado10": ["left"],
            "cuadrado11": ["top", "bottom"],
            "cuadrado12": ["top", "bottom"],
            "cuadrado13": ["top", "right"],
            "cuadrado14": ["top", "left"],
            "cuadrado15": ["top", "right"],
            "cuadrado16": ["top", "left"],
            "cuadrado17": ["top", "bottom"],
            "cuadrado18": ["top", "bottom"],
            "cuadrado19": ["top", "bottom"],
            "cuadrado20": ["top", "right"]
        },
        "fila02" : {
            "cuadrado01": ["left", "right"],
            "cuadrado02": ["left", "top", "right"],
            "cuadrado03": ["left", "right"],
            "cuadrado04": ["left", "bottom"],
            "cuadrado05": ["top"],
            "cuadrado06": ["right", "bottom"],
            "cuadrado07": ["right", "top", "left"],
            "cuadrado08": ["top", "left"],
            "cuadrado09": ["bottom", "right"],
            "cuadrado10": ["left", "right"],
            "cuadrado11": ["left", "top", "bottom"],
            "cuadrado12": ["top", "bottom"],
            "cuadrado13": ["bottom", "right"],
            "cuadrado14": ["right", "bottom", "left"],
            "cuadrado15": ["right", "left"],
            "cuadrado16": ["bottom", "left"],
            "cuadrado17": ["right", "top"],
            "cuadrado18": ["top", "bottom", "left"],
            "cuadrado19": ["top", "bottom"],
            "cuadrado20": ["right", "bottom"]
        },
        "fila03" : {
            "cuadrado01": ["left", "right"],
            "cuadrado02": ["left", "bottom"],
            "cuadrado03": ["bottom"],
            "cuadrado04": ["bottom", "right", "top"],
            "cuadrado05": ["left"],
            "cuadrado06": ["top"],
            "cuadrado07": ["bottom", "right"],
            "cuadrado08": ["left"],
            "cuadrado09": ["bottom", "top"],
            "cuadrado10": ["bottom", "right"],
            "cuadrado11": ["left", "top"],
            "cuadrado12": ["top", "right"],
            "cuadrado13": ["top", "left"],
            "cuadrado14": ["top", "right"],
            "cuadrado15": ["bottom", "left"],
            "cuadrado16": ["top"],
            "cuadrado17": [],
            "cuadrado18": ["top", "right"],
            "cuadrado19": ["top", "left"],
            "cuadrado20": ["top", "right", "bottom"]
        },
        "fila04" : {
            "cuadrado01": ["left", "right"],
            "cuadrado02": ["left", "top"],
            "cuadrado03": ["bottom", "top"],
            "cuadrado04": ["right", "top"],
            "cuadrado05": ["bottom", "right", "left"],
            "cuadrado06": ["bottom", "left"],
            "cuadrado07": ["bottom", "right", "top"],
            "cuadrado08": ["left", "right"],
            "cuadrado09": ["left", "top"],
            "cuadrado10": ["right", "top"],
            "cuadrado11": ["left", "bottom", "right"],
            "cuadrado12": ["left", "right"],
            "cuadrado13": ["left", "right"],
            "cuadrado14": ["left", "bottom"],
            "cuadrado15": ["right", "top"],
            "cuadrado16": ["right", "left"],
            "cuadrado17": ["bottom", "right", "left"],
            "cuadrado18": ["right", "left"],
            "cuadrado19": ["bottom", "left"],
            "cuadrado20": ["top", "right"]
        },
        "fila05" : {
            "cuadrado01": ["left", "bottom", "right"],
            "cuadrado02": ["left", "right"],
            "cuadrado03": ["left", "right", "top"],
            "cuadrado04": ["left", "right"],
            "cuadrado05": ["left", "top"],
            "cuadrado06": ["right", "top"],
            "cuadrado07": ["left", "top"],
            "cuadrado08": ["bottom", "right"],
            "cuadrado09": ["left", "right"],
            "cuadrado10": ["left", "bottom"],
            "cuadrado11": ["bottom", "top"],
            "cuadrado12": ["bottom", "right"],
            "cuadrado13": ["left"],
            "cuadrado14": ["right", "bottom", "top"],
            "cuadrado15": ["right", "left"],
            "cuadrado16": ["bottom", "right", "left"],
            "cuadrado17": ["right", "top"],
            "cuadrado18": ["bottom"],
            "cuadrado19": ["right", "top"],
            "cuadrado20": ["right", "left"]
        },
        "fila06" : {
            "cuadrado01": ["left", "top"],
            "cuadrado02": ["bottom"],
            "cuadrado03": ["bottom", "right"],
            "cuadrado04": ["left", "bottom"],
            "cuadrado05": ["bottom", "right"],
            "cuadrado06": ["left"],
            "cuadrado07": ["right"],
            "cuadrado08": ["left", "top"],
            "cuadrado09": ["bottom", "right"],
            "cuadrado10": ["left", "right", "top"],
            "cuadrado11": ["left", "top"],
            "cuadrado12": ["top", "right"],
            "cuadrado13": ["left", "bottom", "right"],
            "cuadrado14": ["left", "top"],
            "cuadrado15": ["bottom", "right"],
            "cuadrado16": ["left", "top"],
            "cuadrado17": ["right"],
            "cuadrado18": ["bottom", "left", "top"],
            "cuadrado19": ["bottom", "right"],
            "cuadrado20": ["right", "left"]
        },
        "fila07" : {
            "cuadrado01": ["left", "right"],
            "cuadrado02": ["left", "top"],
            "cuadrado03": ["top", "right"],
            "cuadrado04": ["bottom", "left", "top"],
            "cuadrado05": ["bottom", "top"],
            "cuadrado06": ["bottom", "right"],
            "cuadrado07": ["bottom", "left", "right"],
            "cuadrado08": ["left", "right"],
            "cuadrado09": ["left", "top", "right"],
            "cuadrado10": ["left"],
            "cuadrado11": ["bottom", "right"],
            "cuadrado12": ["left", "bottom"],
            "cuadrado13": ["top", "right"],
            "cuadrado14": ["left", "right"],
            "cuadrado15": ["left", "top"],
            "cuadrado16": ["right", "bottom"],
            "cuadrado17": ["right", "left"],
            "cuadrado18": ["left", "top"],
            "cuadrado19": ["bottom", "top"],
            "cuadrado20": ["right"]
        },
        "fila08" : {
            "cuadrado01": ["left", "right"],
            "cuadrado02": ["left", "right"],
            "cuadrado03": ["left", "bottom"],
            "cuadrado04": ["right", "top"],
            "cuadrado05": ["top", "left"],
            "cuadrado06": ["bottom", "top"],
            "cuadrado07": ["top", "right"],
            "cuadrado08": ["left", "right"],
            "cuadrado09": ["left", "bottom"],
            "cuadrado10": ["bottom", "right"],
            "cuadrado11": ["left", "top"],
            "cuadrado12": ["bottom", "top"],
            "cuadrado13": ["right"],
            "cuadrado14": ["left","bottom"],
            "cuadrado15": ["bottom", "right"],
            "cuadrado16": ["left", "top"],
            "cuadrado17": ["bottom", "right"],
            "cuadrado18": ["right", "left"],
            "cuadrado19": ["left", "top"],
            "cuadrado20": ["right", "bottom"]
        },
        "fila09" : {
            "cuadrado01": ["left", "right"],
            "cuadrado02": ["left", "right"],
            "cuadrado03": ["left", "bottom", "top"],
            "cuadrado04": ["right", "bottom"],
            "cuadrado05": ["bottom", "left"],
            "cuadrado06": ["right", "top"],
            "cuadrado07": ["bottom", "left"],
            "cuadrado08": ["bottom", "right"],
            "cuadrado09": ["left", "top"],
            "cuadrado10": ["bottom", "top"],
            "cuadrado11": ["bottom", "right"],
            "cuadrado12": ["bottom", "left", "top"],
            "cuadrado13": ["right"],
            "cuadrado14": ["left", "top"],
            "cuadrado15": ["right", "top"],
            "cuadrado16": ["bottom", "left"],
            "cuadrado17": ["bottom", "top"],
            "cuadrado18": ["bottom", "right"],
            "cuadrado19": ["right", "left"],
            "cuadrado20": ["right", "top", "left"]
        },
        "fila10" : {
            "cuadrado01": ["left", "right"],
            "cuadrado02": ["left", "bottom"],
            "cuadrado03": ["bottom", "top"],
            "cuadrado04": ["top"],
            "cuadrado05": ["bottom", "top"],
            "cuadrado06": ["bottom", "right"],
            "cuadrado07": ["left", "top"],
            "cuadrado08": ["bottom", "top"],
            "cuadrado09": ["bottom"],
            "cuadrado10": ["bottom", "top"],
            "cuadrado11": ["bottom", "top"],
            "cuadrado12": ["top", "right"],
            "cuadrado13": ["left"],
            "cuadrado14": ["bottom", "right"],
            "cuadrado15": ["bottom", "left"],
            "cuadrado16": ["right", "top"],
            "cuadrado17": ["left", "top"],
            "cuadrado18": ["bottom", "top"],
            "cuadrado19": ["bottom", "right"],
            "cuadrado20": ["right", "left", "left"]
        },
        "fila11" : {
            "cuadrado01": ["left", "bottom"],
            "cuadrado02": ["bottom", "top"],
            "cuadrado03": ["top"],
            "cuadrado04": ["bottom", "right"],
            "cuadrado05": ["top", "left"],
            "cuadrado06": ["right", "top"],
            "cuadrado07": ["left"],
            "cuadrado08": ["right", "top"],
            "cuadrado09": ["bottom", "left", "top"],
            "cuadrado10": ["right", "top"],
            "cuadrado11": ["left", "top"],
            "cuadrado12": ["bottom", "right"],
            "cuadrado13": ["left"],
            "cuadrado14": ["right", "top"],
            "cuadrado15": ["left", "top"],
            "cuadrado16": ["bottom", "right"],
            "cuadrado17": ["right", "left"],
            "cuadrado18": ["bottom", "left", "top"],
            "cuadrado19": ["right", "top"],
            "cuadrado20": ["right", "left"]
        },
        "fila12" : {
            "cuadrado01": ["left", "top"],
            "cuadrado02": ["top", "right"],
            "cuadrado03": ["left", "bottom"],
            "cuadrado04": ["bottom", "top"],
            "cuadrado05": ["bottom", "right"],
            "cuadrado06": ["bottom", "left"],
            "cuadrado07": ["bottom", "right"],
            "cuadrado08": ["left"],
            "cuadrado09": ["right", "top"],
            "cuadrado10": ["right", "left"],
            "cuadrado11": ["right", "left"],
            "cuadrado12": ["bottom", "right", "top"],
            "cuadrado13": ["bottom", "right"],
            "cuadrado14": ["right", "left"],
            "cuadrado15": ["left"],
            "cuadrado16": ["bottom", "top"],
            "cuadrado17": ["bottom", "right"],
            "cuadrado18": ["left", "top"],
            "cuadrado19": [],
            "cuadrado20": ["bottom", "right"]
        },
        "fila13" : {
            "cuadrado01": ["left", "right"],
            "cuadrado02": ["left", "bottom", "right"],
            "cuadrado03": ["left", "top"],
            "cuadrado04": ["bottom", "top"],
            "cuadrado05": ["bottom", "top"],
            "cuadrado06": ["top"],
            "cuadrado07": ["right", "top"],
            "cuadrado08": ["right", "left"],
            "cuadrado09": ["bottom", "left"],
            "cuadrado10": ["bottom", "right"],
            "cuadrado11": ["bottom", "left"],
            "cuadrado12": ["bottom", "top"],
            "cuadrado13": ["right", "top"],
            "cuadrado14": ["bottom", "right", "left"],
            "cuadrado15": ["bottom", "left"],
            "cuadrado16": ["bottom", "top"],
            "cuadrado17": ["right", "top"],
            "cuadrado18": ["right", "left"],
            "cuadrado19": ["bottom", "left"],
            "cuadrado20": ["right", "top"]
        },
        "fila14" : {
            "cuadrado01": ["left", "right"],
            "cuadrado02": ["left", "top"],
            "cuadrado03": ["bottom"],
            "cuadrado04": ["bottom", "top"],
            "cuadrado05": ["bottom", "right", "top"],
            "cuadrado06": ["right", "left"],
            "cuadrado07": ["right", "left"],
            "cuadrado08": ["bottom", "left"],
            "cuadrado09": ["bottom", "top"],
            "cuadrado10": ["right", "top"],
            "cuadrado11": ["left", "top"],
            "cuadrado12": ["bottom", "right", "top"],
            "cuadrado13": ["bottom", "left"],
            "cuadrado14": ["bottom", "top"],
            "cuadrado15": ["right", "top"],
            "cuadrado16": ["left", "top"],
            "cuadrado17": ["bottom", "right"],
            "cuadrado18": ["right", "left"],
            "cuadrado19": ["left", "top"],
            "cuadrado20": ["bottom", "right"]
        },
        "fila15" : {
            "cuadrado01": ["left", "right"],
            "cuadrado02": ["bottom", "left"],
            "cuadrado03": ["top", "right"],
            "cuadrado04": ["left", "top"],
            "cuadrado05": ["bottom", "top"],
            "cuadrado06": ["bottom", "right"],
            "cuadrado07": ["right", "left"],
            "cuadrado08": ["top", "left"],
            "cuadrado09": ["right", "top"],
            "cuadrado10": ["bottom", "left"],
            "cuadrado11": ["bottom", "right"],
            "cuadrado12": ["left", "top"],
            "cuadrado13": ["bottom", "top"],
            "cuadrado14": ["bottom", "top"],
            "cuadrado15": ["bottom", "right"],
            "cuadrado16": ["bottom", "left"],
            "cuadrado17": ["right", "top"],
            "cuadrado18": ["bottom", "right", "left"],
            "cuadrado19": ["left"],
            "cuadrado20": ["right", "top"]
        },
        "fila16" : {
            "cuadrado01": ["left", "right"],
            "cuadrado02": ["left", "right", "top"],
            "cuadrado03": ["left", "right"],
            "cuadrado04": ["left", "right"],
            "cuadrado05": ["left", "top"],
            "cuadrado06": ["bottom", "right", "top"],
            "cuadrado07": ["right", "left"],
            "cuadrado08": ["right", "left"],
            "cuadrado09": ["left"],
            "cuadrado10": ["top"],
            "cuadrado11": ["bottom", "top"],
            "cuadrado12": ["bottom", "right"],
            "cuadrado13": ["left", "top"],
            "cuadrado14": ["right", "top"],
            "cuadrado15": ["left", "top"],
            "cuadrado16": ["bottom", "right", "top"],
            "cuadrado17": ["bottom", "left"],
            "cuadrado18": ["bottom", "top"],
            "cuadrado19": ["right"],
            "cuadrado20": ["right", "left"]
        },
        "fila17" : {
            "cuadrado01": ["left", "bottom"],
            "cuadrado02": ["right"],
            "cuadrado03": ["left", "right"],
            "cuadrado04": ["left", "right"],
            "cuadrado05": ["left", "bottom"],
            "cuadrado06": ["bottom", "top"],
            "cuadrado07": ["bottom"],
            "cuadrado08": ["bottom", "right"],
            "cuadrado09": ["bottom", "right", "left"],
            "cuadrado10": ["left", "right"],
            "cuadrado11": ["left", "top"],
            "cuadrado12": ["bottom", "right", "top"],
            "cuadrado13": ["right", "left"],
            "cuadrado14": ["bottom", "right", "left"],
            "cuadrado15": ["bottom", "left"],
            "cuadrado16": ["bottom", "top"],
            "cuadrado17": ["bottom", "top"],
            "cuadrado18": ["right", "top"],
            "cuadrado19": ["right", "left"],
            "cuadrado20": ["right", "left"]
        },
        "fila18" : {
            "cuadrado01": ["left", "top"],
            "cuadrado02": ["bottom", "right"],
            "cuadrado03": ["left", "right"],
            "cuadrado04": ["left", "right"],
            "cuadrado05": ["left", "top"],
            "cuadrado06": ["right", "top"],
            "cuadrado07": ["bottom", "top", "left"],
            "cuadrado08": ["bottom", "top"],
            "cuadrado09": ["bottom", "top"],
            "cuadrado10": ["bottom", "right"],
            "cuadrado11": ["bottom", "left"],
            "cuadrado12": ["right", "top"],
            "cuadrado13": ["bottom", "left"],
            "cuadrado14": ["right", "top"],
            "cuadrado15": ["left", "top"],
            "cuadrado16": ["right", "top"],
            "cuadrado17": ["bottom", "left", "top"],
            "cuadrado18": ["bottom"],
            "cuadrado19": ["bottom", "right"],
            "cuadrado20": ["right", "left"]
        },
        "fila19" : {
            "cuadrado01": ["left", "right"],
            "cuadrado02": ["left", "top"],
            "cuadrado03": ["bottom", "right"],
            "cuadrado04": ["left", "bottom"],
            "cuadrado05": ["right"],
            "cuadrado06": ["bottom", "right", "left"],
            "cuadrado07": ["left", "top"],
            "cuadrado08": ["bottom", "top"],
            "cuadrado09": ["right", "top"],
            "cuadrado10": ["top", "left"],
            "cuadrado11": ["right", "top"],
            "cuadrado12": ["bottom", "left"],
            "cuadrado13": ["bottom", "top"],
            "cuadrado14": ["right"],
            "cuadrado15": ["right", "left"],
            "cuadrado16": ["bottom", "left"],
            "cuadrado17": ["right", "top"],
            "cuadrado18": ["left", "top"],
            "cuadrado19": ["bottom", "top"],
            "cuadrado20": ["bottom", "right"]
        },
        "fila20" : {
            "cuadrado01": ["bottom", "left"],
            "cuadrado02": ["bottom"],
            "cuadrado03": ["bottom", "top"],
            "cuadrado04": ["bottom", "right", "top"],
            "cuadrado05": ["bottom", "left"],
            "cuadrado06": ["bottom", "top"],
            "cuadrado07": ["bottom"],
            "cuadrado08": ["bottom", "right", "top"],
            "cuadrado09": ["bottom", "left"],
            "cuadrado10": ["bottom", "right"],
            "cuadrado11": ["right", "left"],
            "cuadrado12": ["bottom", "top", "left"],
            "cuadrado13": ["bottom", "top"],
            "cuadrado14": ["bottom"],
            "cuadrado15": ["bottom"],
            "cuadrado16": ["bottom", "right", "top"],
            "cuadrado17": ["bottom", "left"],
            "cuadrado18": ["bottom"],
            "cuadrado19": ["bottom", "top"],
            "cuadrado20": ["bottom", "right", "top"]
        }
    },
    {
        "fila01" : {
            "cuadrado01": ["top", "left"],
            "cuadrado02": ["top", "bottom"],
            "cuadrado03": ["top", "right"],
            "cuadrado04": ["left", "top", "right"],
            "cuadrado05": ["left", "top"],
            "cuadrado06": ["top", "right"],
            "cuadrado07": ["top", "left"],
            "cuadrado08": ["top", "bottom"],
            "cuadrado09": ["top", "bottom"],
            "cuadrado10": ["top", "right"],
            "cuadrado11": ["top", "left"],
            "cuadrado12": ["top", "bottom"],
            "cuadrado13": ["top", "right"],
            "cuadrado14": ["top", "left"],
            "cuadrado15": ["top", "bottom"],
            "cuadrado16": ["top", "bottom"],
            "cuadrado17": ["top", "right"]
        },
        "fila02" : {
            "cuadrado01": ["left"],
            "cuadrado02": ["top", "right"],
            "cuadrado03": ["left", "right"],
            "cuadrado04": ["left", "right"],
            "cuadrado05": ["left", "right"],
            "cuadrado06": ["left", "right"],
            "cuadrado07": ["left", "bottom"],
            "cuadrado08": ["top", "right"],
            "cuadrado09": ["top", "left"],
            "cuadrado10": ["right", "bottom"],
            "cuadrado11": ["right", "left"],
            "cuadrado12": ["top", "right", "left"],
            "cuadrado13": ["right", "left"],
            "cuadrado14": ["right", "left"],
            "cuadrado15": ["top", "left"],
            "cuadrado16": ["top", "right"],
            "cuadrado17": ["right", "left"]
        },
        "fila03" : {
            "cuadrado01": ["left", "bottom", "right"],
            "cuadrado02": ["left", "right"],
            "cuadrado03": ["left", "bottom"],
            "cuadrado04": ["bottom", "right"],
            "cuadrado05": ["left", "right"],
            "cuadrado06": ["left", "bottom"],
            "cuadrado07": ["bottom", "top"],
            "cuadrado08": ["bottom", "right"],
            "cuadrado09": ["bottom", "left"],
            "cuadrado10": ["bottom", "top"],
            "cuadrado11": ["right"],
            "cuadrado12": ["bottom", "left"],
            "cuadrado13": ["right", "bottom"],
            "cuadrado14": ["right", "left"],
            "cuadrado15": ["right", "left"],
            "cuadrado16": ["bottom", "left"],
            "cuadrado17": ["bottom", "right"]
        },
        "fila04" : {
            "cuadrado01": ["left", "top"],
            "cuadrado02": [],
            "cuadrado03": ["top", "right"],
            "cuadrado04": ["left", "top", "right"],
            "cuadrado05": ["left", "bottom"],
            "cuadrado06": ["right", "top"],
            "cuadrado07": ["bottom", "left", "top"],
            "cuadrado08": ["top"],
            "cuadrado09": ["right", "top"],
            "cuadrado10": ["right", "top", "left"],
            "cuadrado11": ["right", "left"],
            "cuadrado12": ["left", "top"],
            "cuadrado13": ["bottom", "top"],
            "cuadrado14": ["bottom", "right"],
            "cuadrado15": ["right", "left"],
            "cuadrado16": ["left", "top"],
            "cuadrado17": ["bottom", "right", "top"]
        },
        "fila05" : {
            "cuadrado01": ["left", "right"],
            "cuadrado02": ["left", "bottom", "right"],
            "cuadrado03": ["left", "bottom"],
            "cuadrado04": ["right"],
            "cuadrado05": ["right", "top", "left"],
            "cuadrado06": ["bottom", "left"],
            "cuadrado07": ["bottom", "top"],
            "cuadrado08": ["bottom", "right"],
            "cuadrado09": ["bottom", "left"],
            "cuadrado10": ["bottom", "right"],
            "cuadrado11": ["right", "left"],
            "cuadrado12": ["right", "left"],
            "cuadrado13": ["bottom", "left", "top"],
            "cuadrado14": ["top"],
            "cuadrado15": ["bottom", "right"],
            "cuadrado16": ["bottom", "left"],
            "cuadrado17": ["right", "top"]
        },
        "fila06" : {
            "cuadrado01": ["left", "right"],
            "cuadrado02": ["left", "top"],
            "cuadrado03": ["top", "right"],
            "cuadrado04": ["left", "bottom"],
            "cuadrado05": ["bottom"],
            "cuadrado06": ["bottom", "top"],
            "cuadrado07": ["bottom", "top"],
            "cuadrado08": ["top", "right"],
            "cuadrado09": ["left", "top"],
            "cuadrado10": ["bottom", "top"],
            "cuadrado11": ["bottom", "right"],
            "cuadrado12": ["bottom", "left"],
            "cuadrado13": ["top", "right"],
            "cuadrado14": ["bottom", "left"],
            "cuadrado15": ["bottom", "top"],
            "cuadrado16": ["right", "top"],
            "cuadrado17": ["right", "left"]
        },
        "fila07" : {
            "cuadrado01": ["left"],
            "cuadrado02": ["bottom", "right"],
            "cuadrado03": ["bottom", "left"],
            "cuadrado04": ["right", "top"],
            "cuadrado05": ["top", "left"],
            "cuadrado06": ["top", "right"],
            "cuadrado07": ["left", "top"],
            "cuadrado08": ["bottom", "right"],
            "cuadrado09": ["bottom", "left"],
            "cuadrado10": ["right", "top"],
            "cuadrado11": ["bottom", "top", "right"],
            "cuadrado12": ["right", "top"],
            "cuadrado13": ["left"],
            "cuadrado14": ["right", "top"],
            "cuadrado15": ["right", "top", "left"],
            "cuadrado16": ["right", "left"],
            "cuadrado17": ["right", "left"]
        },
        "fila08" : {
            "cuadrado01": ["left"],
            "cuadrado02": ["bottom", "top"],
            "cuadrado03": ["top", "right"],
            "cuadrado04": ["left", "bottom"],
            "cuadrado05": ["right"],
            "cuadrado06": ["left", "right"],
            "cuadrado07": ["left", "bottom"],
            "cuadrado08": ["top", "right"],
            "cuadrado09": ["left", "top"],
            "cuadrado10": ["bottom", "right"],
            "cuadrado11": ["left", "top"],
            "cuadrado12": ["bottom", "right"],
            "cuadrado13": ["bottom", "right", "left"],
            "cuadrado14": ["bottom", "left"],
            "cuadrado15": ["bottom", "right"],
            "cuadrado16": ["right", "left"],
            "cuadrado17": ["right", "left"]
        },
        "fila09" : {
            "cuadrado01": ["left"],
            "cuadrado02": ["top", "right"],
            "cuadrado03": ["left"],
            "cuadrado04": ["top", "right"],
            "cuadrado05": ["left", "right"],
            "cuadrado06": ["left", "right"],
            "cuadrado07": ["left", "right", "top"],
            "cuadrado08": ["left", "right"],
            "cuadrado09": ["left", "right", "bottom"],
            "cuadrado10": ["right", "left", "top"],
            "cuadrado11": ["right", "left"],
            "cuadrado12": ["left", "top"],
            "cuadrado13": ["right", "top"],
            "cuadrado14": ["left", "top"],
            "cuadrado15": ["right", "bottom", "top"],
            "cuadrado16": ["bottom", "right", "left"],
            "cuadrado17": ["right", "left"]
        },
        "fila10" : {
            "cuadrado01": ["left", "right"],
            "cuadrado02": ["left", "right"],
            "cuadrado03": ["left", "bottom", "right"],
            "cuadrado04": ["left", "right"],
            "cuadrado05": ["left", "right"],
            "cuadrado06": ["left", "right"],
            "cuadrado07": ["left", "right"],
            "cuadrado08": ["left", "bottom"],
            "cuadrado09": ["top", "right"],
            "cuadrado10": ["bottom", "left"],
            "cuadrado11": ["right"],
            "cuadrado12": ["right", "left"],
            "cuadrado13": ["bottom", "left"],
            "cuadrado14": ["bottom", "right"],
            "cuadrado15": ["left", "top"],
            "cuadrado16": ["right", "top"],
            "cuadrado17": ["right", "left"]
        },
        "fila11" : {
            "cuadrado01": ["left", "bottom", "right"],
            "cuadrado02": ["left", "bottom"],
            "cuadrado03": ["top", "right"],
            "cuadrado04": ["left", "right"],
            "cuadrado05": ["left", "bottom", "right"],
            "cuadrado06": ["left", "right"],
            "cuadrado07": ["left", "bottom"],
            "cuadrado08": ["bottom", "top"],
            "cuadrado09": ["bottom"],
            "cuadrado10": ["right", "top"],
            "cuadrado11": ["right", "left"],
            "cuadrado12": ["bottom", "top"],
            "cuadrado13": ["bottom", "top"],
            "cuadrado14": ["bottom"],
            "cuadrado15": ["bottom", "right"],
            "cuadrado16": ["right", "left"],
            "cuadrado17": ["right", "left"]
        },
        "fila12" : {
            "cuadrado01": ["left", "top"],
            "cuadrado02": ["bottom", "top"],
            "cuadrado03": ["bottom", "right"],
            "cuadrado04": ["left", "bottom"],
            "cuadrado05": ["top", "right"],
            "cuadrado06": ["left", "bottom"],
            "cuadrado07": ["bottom", "top"],
            "cuadrado08": ["bottom", "top"],
            "cuadrado09": ["right", "top"],
            "cuadrado10": ["right", "left"],
            "cuadrado11": ["left"],
            "cuadrado12": ["bottom", "top"],
            "cuadrado13": ["bottom", "top"],
            "cuadrado14": ["bottom", "top"],
            "cuadrado15": ["bottom", "right", "top"],
            "cuadrado16": ["right", "left"],
            "cuadrado17": ["right", "left"]
        },
        "fila13" : {
            "cuadrado01": ["left", "right"],
            "cuadrado02": ["left", "top"],
            "cuadrado03": ["top", "right"],
            "cuadrado04": ["left", "right", "top"],
            "cuadrado05": ["left", "right"],
            "cuadrado06": ["left", "right", "top"],
            "cuadrado07": ["left", "top"],
            "cuadrado08": ["top"],
            "cuadrado09": ["bottom", "right"],
            "cuadrado10": ["bottom", "right", "left"],
            "cuadrado11": ["right", "left"],
            "cuadrado12": ["top", "left"],
            "cuadrado13": ["bottom", "top"],
            "cuadrado14": ["bottom", "top"],
            "cuadrado15": ["right", "top"],
            "cuadrado16": ["right", "left"],
            "cuadrado17": ["right", "left"]
        },
        "fila14" : {
            "cuadrado01": ["left", "bottom"],
            "cuadrado02": ["bottom", "right"],
            "cuadrado03": ["bottom", "left"],
            "cuadrado04": ["right"],
            "cuadrado05": ["left", "right"],
            "cuadrado06": ["left", "right"],
            "cuadrado07": ["left", "right"],
            "cuadrado08": ["left", "bottom", "right"],
            "cuadrado09": ["left", "top"],
            "cuadrado10": ["bottom", "top"],
            "cuadrado11": ["bottom", "right"],
            "cuadrado12": ["bottom", "left"],
            "cuadrado13": ["right", "top"],
            "cuadrado14": ["right", "left", "top"],
            "cuadrado15": ["bottom", "left"],
            "cuadrado16": ["bottom", "right"],
            "cuadrado17": ["right", "left"]
        },
        "fila15" : {
            "cuadrado01": ["left", "top"],
            "cuadrado02": ["top"],
            "cuadrado03": ["right", "top"],
            "cuadrado04": ["left", "right"],
            "cuadrado05": ["left", "bottom"],
            "cuadrado06": ["right"],
            "cuadrado07": ["left", "bottom"],
            "cuadrado08": ["top"],
            "cuadrado09": ["bottom"],
            "cuadrado10": ["bottom", "top"],
            "cuadrado11": ["bottom", "top"],
            "cuadrado12": ["bottom", "top"],
            "cuadrado13": ["bottom", "right"],
            "cuadrado14": ["left"],
            "cuadrado15": ["bottom", "top"],
            "cuadrado16": ["bottom", "right", "top"],
            "cuadrado17": ["right", "left"]
        },
        "fila16" : {
            "cuadrado01": ["left"],
            "cuadrado02": ["bottom", "right"],
            "cuadrado03": ["right", "left"],
            "cuadrado04": ["left", "right"],
            "cuadrado05": ["left", "right", "top"],
            "cuadrado06": ["left", "bottom"],
            "cuadrado07": ["right", "top"],
            "cuadrado08": ["bottom", "right", "left"],
            "cuadrado09": ["left", "top"],
            "cuadrado10": ["bottom", "top"],
            "cuadrado11": ["bottom", "top"],
            "cuadrado12": ["bottom", "top"],
            "cuadrado13": ["bottom", "top"],
            "cuadrado14": ["bottom"],
            "cuadrado15": ["right", "top"],
            "cuadrado16": ["left", "top"],
            "cuadrado17": ["right", "bottom"]
        },
        "fila17" : {
            "cuadrado01": ["left", "bottom"],
            "cuadrado02": ["right", "bottom", "top"],
            "cuadrado03": ["bottom", "left"],
            "cuadrado04": ["bottom"],
            "cuadrado05": ["bottom"],
            "cuadrado06": ["bottom", "right", "top"],
            "cuadrado07": ["bottom", "left"],
            "cuadrado08": ["bottom", "top"],
            "cuadrado09": ["bottom", "right"],
            "cuadrado10": ["bottom", "left", "top"],
            "cuadrado11": ["bottom", "top"],
            "cuadrado12": ["bottom", "top"],
            "cuadrado13": ["bottom", "top"],
            "cuadrado14": ["bottom", "top"],
            "cuadrado15": ["bottom"],
            "cuadrado16": ["bottom"],
            "cuadrado17": ["bottom", "top"]
        }           
    }
]