[
    {
        "quadricula1": {
            "tabla1": {
                "fila1": [9, 1, 4],
                "fila2": [5, 6, 7],
                "fila3": [3, 8, 2]
            },
            "tabla2": {
                "fila1": [6, 2, 3],
                "fila2": [1, 4, 8],
                "fila3": [9, 8, 7]
            },
            "tabla3": {
                "fila1": [8, 5, 7],
                "fila2": [9, 2, 3],
                "fila3": [1, 4, 6]
            },
            "tabla4": {
                "fila1": [6, 7, 5],
                "fila2": [2, 4, 3],
                "fila3": [1, 9, 8]
            },
            "tabla5": {
                "fila1": [2, 3, 9],
                "fila2": [5, 8, 1],
                "fila3": [7, 6, 4]
            },
            "tabla6": {
                "fila1": [4, 8, 1],
                "fila2": [6, 7, 9],
                "fila3": [2, 3, 5]
            },
            "tabla7": {
                "fila1": [4, 5, 6],
                "fila2": [8, 3, 9],
                "fila3": [7, 2, 1]
            },
            "tabla8": {
                "fila1": [3, 1, 2],
                "fila2": [4, 7, 6],
                "fila3": [8, 9, 5]
            },
            "tabla9": {
                "fila1": [7, 9, 8],
                "fila2": [5, 1, 2],
                "fila3": [3, 6, 4]
            }
        },
        "quadricula2": {
            "tabla1": {
                "fila1": [6, 2, 3],
                "fila2": [9, 7, 4],
                "fila3": [8, 1, 5]
            },
            "tabla2": {
                "fila1": [4, 7, 5],
                "fila2": [8, 6, 1],
                "fila3": [9, 3, 2]
            },
            "tabla3": {
                "fila1": [9, 8, 1],
                "fila2": [2, 5, 3],
                "fila3": [6, 4, 7]
            },
            "tabla4": {
                "fila1": [7, 5, 9],
                "fila2": [4, 3, 1],
                "fila3": [2, 6, 8]
            },
            "tabla5": {
                "fila1": [2, 4, 3],
                "fila2": [6, 9, 8],
                "fila3": [1, 5, 7]
            },
            "tabla6": {
                "fila1": [8, 1, 6],
                "fila2": [5, 7, 2],
                "fila3": [4, 3, 9]
            },
            "tabla7": {
                "fila1": [5, 4, 2],
                "fila2": [3, 9, 6],
                "fila3": [1, 8, 7]
            },
            "tabla8": {
                "fila1": [3, 1, 6],
                "fila2": [7, 8, 4],
                "fila3": [5, 2, 9]
            },
            "tabla9": {
                "fila1": [7, 9, 8],
                "fila2": [1, 2, 5],
                "fila3": [3, 6, 4]
            }
        },
        "quadricula3": {
            "tabla1": {
                "fila1": [7, 9, 8],
                "fila2": [5, 1, 2],
                "fila3": [3, 6, 4]
            },
            "tabla2": {
                "fila1": [1, 3, 6],
                "fila2": [8, 7, 4],
                "fila3": [2, 9, 5]
            },
            "tabla3": {
                "fila1": [5, 4, 2],
                "fila2": [3, 9, 6],
                "fila3": [1, 8, 7]
            },
            "tabla4": {
                "fila1": [6, 8, 5],
                "fila2": [2, 3, 7],
                "fila3": [9, 4, 1]
            },
            "tabla5": {
                "fila1": [7, 4, 1],
                "fila2": [5, 8, 9],
                "fila3": [3, 6, 2]
            },
            "tabla6": {
                "fila1": [9, 2, 3],
                "fila2": [4, 6, 1],
                "fila3": [7, 5, 8]
            },
            "tabla7": {
                "fila1": [1, 5, 6],
                "fila2": [4, 7, 9],
                "fila3": [8, 2, 3]
            },
            "tabla8": {
                "fila1": [9, 2, 3],
                "fila2": [6, 1, 8],
                "fila3": [4, 5, 7]
            },
            "tabla9": {
                "fila1": [8, 7, 4],
                "fila2": [2, 3, 5],
                "fila3": [6, 1, 9]
            }
        },
        "quadricula4": {
            "tabla1": {
                "fila1": [9, 3, 2],
                "fila2": [5, 6, 8],
                "fila3": [4, 1, 7]
            },
            "tabla2": {
                "fila1": [7, 8, 4],
                "fila2": [3, 1, 2],
                "fila3": [6, 5, 9]
            },
            "tabla3": {
                "fila1": [1, 5, 6],
                "fila2": [4, 7, 9],
                "fila3": [8, 2, 3]
            },
            "tabla4": {
                "fila1": [2, 4, 5],
                "fila2": [1, 7, 9],
                "fila3": [6, 8, 3]
            },
            "tabla5": {
                "fila1": [9, 3, 7],
                "fila2": [8, 2, 6],
                "fila3": [1, 4, 5]
            },
            "tabla6": {
                "fila1": [6, 1, 8],
                "fila2": [3, 4, 5],
                "fila3": [2, 9, 7]
            },
            "tabla7": {
                "fila1": [8, 9, 6],
                "fila2": [3, 2, 4],
                "fila3": [7, 5, 1]
            },
            "tabla8": {
                "fila1": [2, 7, 1],
                "fila2": [5, 9, 8],
                "fila3": [4, 6, 3]
            },
            "tabla9": {
                "fila1": [5, 3, 4],
                "fila2": [7, 6, 1],
                "fila3": [9, 8, 2]
            }
        },
        "quadricula5": {
            "tabla1": {       
                "fila1": [8, 7, 4],
                "fila2": [2, 3, 5],
                "fila3": [6, 1, 9]
            },
            "tabla2": {
                "fila1": [9, 2, 6],
                "fila2": [1, 7, 8],
                "fila3": [3, 4, 5]
            },
            "tabla3": {
                "fila1": [5, 3, 1],
                "fila2": [4, 9, 6],
                "fila3": [7, 2, 8]
            },
            "tabla4": {
                "fila1": [7, 2, 3],
                "fila2": [4, 5, 6],
                "fila3": [9, 8, 1]
            },
            "tabla5": {
                "fila1": [6, 8, 9],
                "fila2": [7, 3, 1],
                "fila3": [4, 5, 2]
            },
            "tabla6": {
                "fila1": [1, 5, 4],
                "fila2": [9, 8, 2],
                "fila3": [3, 6, 7]
            },
            "tabla7": {
                "fila1": [3, 4, 2],
                "fila2": [5, 6, 7],
                "fila3": [1, 9, 8]
            },
            "tabla8": {
                "fila1": [8, 9, 7],
                "fila2": [2, 1, 3],
                "fila3": [5, 6, 4]
            },
            "tabla9": {
                "fila1": [6, 1, 5],
                "fila2": [8, 4, 9],
                "fila3": [2, 7, 3]
            }
        }
    },
    {
        "quadricula1": {
            "tabla1": {
                "fila1": [2, 6, 3],
                "fila2": [5, 8, 9],
                "fila3": [4, 7, 1]
            },
            "tabla2": {
                "fila1": [9, 8, 4],
                "fila2": [2, 7, 1],
                "fila3": [6, 3, 5]
            },
            "tabla3": {
                "fila1": [7, 1, 5],
                "fila2": [4, 6, 3],
                "fila3": [8, 9, 2]
            },
            "tabla4": {
                "fila1": [6, 2, 4],
                "fila2": [3, 9, 8],
                "fila3": [1, 5, 7]
            },
            "tabla5": {
                "fila1": [3, 1, 9],
                "fila2": [5, 4, 7],
                "fila3": [8, 2, 6]
            },
            "tabla6": {
                "fila1": [5, 7, 8],
                "fila2": [6, 2, 1],
                "fila3": [9, 3, 4]
            },
            "tabla7": {
                "fila1": [9, 3, 2],
                "fila2": [8, 4, 6],
                "fila3": [7, 1, 5]
            },
            "tabla8": {
                "fila1": [7, 5, 8],
                "fila2": [1, 9, 3],
                "fila3": [4, 6, 2]
            },
            "tabla9": {
                "fila1": [1, 4, 6],
                "fila2": [2, 5, 7],
                "fila3": [3, 8, 9]
            }
        },
        "quadricula2": {
            "tabla1": {
                "fila1": [4, 8, 6],
                "fila2": [3, 5, 2],
                "fila3": [7, 9, 1]
            },
            "tabla2": {
                "fila1": [2, 3, 5],
                "fila2": [9, 1, 7],
                "fila3": [8, 6, 4]
            },
            "tabla3": {
                "fila1": [7, 1, 9],
                "fila2": [4, 8, 6],
                "fila3": [5, 3, 2]
            },
            "tabla4": {
                "fila1": [5, 4, 3],
                "fila2": [9, 6, 7],
                "fila3": [1, 2, 8]
            },
            "tabla5": {
                "fila1": [6, 9, 8],
                "fila2": [1, 5, 2],
                "fila3": [4, 7, 3]
            },
            "tabla6": {
                "fila1": [1, 2, 7],
                "fila2": [3, 4, 8],
                "fila3": [6, 9, 5]
            },
            "tabla7": {
                "fila1": [2, 7, 5],
                "fila2": [8, 3, 9],
                "fila3": [6, 1, 4]  
            },
            "tabla8": {
                "fila1": [3, 8, 1],
                "fila2": [7, 4, 6],
                "fila3": [5, 2, 9]
            },
            "tabla9": {
                "fila1": [9, 6, 4],
                "fila2": [2, 5, 1],
                "fila3": [8, 7, 3]
            }
        },
        "quadricula3": {
            "tabla1": {
                "fila1": [1, 4, 6],
                "fila2": [2, 5, 7],
                "fila3": [3, 8, 9]
            },
            "tabla2": {
                "fila1": [8, 9, 3],
                "fila2": [4, 1, 6],
                "fila3": [5, 7, 2]
            },
            "tabla3": {
                "fila1": [2, 7, 5],
                "fila2": [8, 3, 9],
                "fila3": [6, 1, 4]
            },
            "tabla4": {
                "fila1": [7, 1, 2],
                "fila2": [6, 9, 8],
                "fila3": [4, 3, 5]
            },
            "tabla5": {
                "fila1": [6, 4, 8],
                "fila2": [3, 5, 1],
                "fila3": [7, 2, 9]
            },
            "tabla6": {
                "fila1": [9, 5, 3],
                "fila2": [7, 4, 2],
                "fila3": [1, 6, 8]
            },
            "tabla7": {
                "fila1": [9, 2, 4],
                "fila2": [8, 7, 3],
                "fila3": [2, 6, 1]
            },
            "tabla8": {
                "fila1": [1, 3, 7],
                "fila2": [9, 6, 5],
                "fila3": [2, 8, 4]
            },
            "tabla9": {
                "fila1": [5, 8, 6],
                "fila2": [4, 2, 1],
                "fila3": [3, 9, 7]
            }
        },
        "quadricula4": {
            "tabla1": {
                "fila1": [6, 3, 1],
                "fila2": [5, 2, 4],
                "fila3": [7, 9, 8]
            },
            "tabla2": {
                "fila1": [5, 8, 7],
                "fila2": [6, 1, 9],
                "fila3": [4, 3, 2]
            },
            "tabla3": {
                "fila1": [9, 2, 4],
                "fila2": [8, 7, 3],
                "fila3": [2, 6, 1]
            },
            "tabla4": {
                "fila1": [4, 6, 2],
                "fila2": [8, 7, 3],
                "fila3": [9, 1, 5]
            },
            "tabla5": {
                "fila1": [8, 5, 1],
                "fila2": [2, 9, 6],
                "fila3": [7, 4, 3]
            },
            "tabla6": {
                "fila1": [7, 3, 9],
                "fila2": [1, 4, 5],
                "fila3": [2, 8, 6]
            },
            "tabla7": {
                "fila1": [3, 5, 6],
                "fila2": [1, 8, 7],
                "fila3": [2, 4, 9]
            },
            "tabla8": {
                "fila1": [1, 2, 8],
                "fila2": [9, 6, 4],
                "fila3": [3, 7, 5]
            },
            "tabla9": {
                "fila1": [4, 9, 7],
                "fila2": [3, 5, 2],
                "fila3": [6, 1, 8]
            }
        },
        "quadricula5": {
            "tabla1": {
                "fila1": [5, 8, 6],
                "fila2": [4, 2, 1],
                "fila3": [3, 9, 7]
            },
            "tabla2": {
                "fila1": [9, 1, 4],
                "fila2": [8, 7, 3],
                "fila3": [2, 6, 5]
            },
            "tabla3": {
                "fila1": [3, 7, 2],
                "fila2": [6, 5, 9],
                "fila3": [4, 8, 1]
            },
            "tabla4": {
                "fila1": [8, 7, 9],
                "fila2": [6, 4, 3],
                "fila3": [2, 1, 5]
            },
            "tabla5": {
                "fila1": [6, 3, 2],
                "fila2": [1, 5, 8],
                "fila3": [7, 4, 9]
            },
            "tabla6": {
                "fila1": [1, 4, 5],
                "fila2": [2, 9, 7],
                "fila3": [8, 3, 6]
            },
            "tabla7": {
                "fila1": [7, 6, 4],
                "fila2": [1, 5, 8],
                "fila3": [9, 3, 2]
            },
            "tabla8": {
                "fila1": [3, 9, 1],
                "fila2": [4, 2, 7],
                "fila3": [5, 8, 2]
            },
            "tabla9": {
                "fila1": [5, 2, 8],
                "fila2": [9, 6, 3],
                "fila3": [7, 11, 4]
            }
        }
    },
    {
        "quadricula1": {
            "tabla1": {
                "fila1": [2, 3, 1],
                "fila2": [5, 9, 8],
                "fila3": [6, 7, 4]
            },
            "tabla2": {
                "fila1": [9, 5, 7],
                "fila2": [4, 6, 1],
                "fila3": [8, 3, 2]
            },
            "tabla3": {
                "fila1": [4, 6, 8],
                "fila2": [2, 7, 3],
                "fila3": [9, 1, 5]
            },
            "tabla4": {
                "fila1": [4, 6, 5],
                "fila2": [3, 2, 7],
                "fila3": [1, 8, 9]
            },
            "tabla5": {
                "fila1": [7, 1, 9],
                "fila2": [5, 4, 8],
                "fila3": [6, 2, 3]
            },
            "tabla6": {
                "fila1": [3, 8, 2],
                "fila2": [6, 9, 1],
                "fila3": [5, 4, 7]
            },
            "tabla7": {
                "fila1": [7, 4, 6],
                "fila2": [9, 1, 3],
                "fila3": [8, 5, 2]
            },
            "tabla8": {
                "fila1": [3, 8, 5],
                "fila2": [2, 7, 6],
                "fila3": [1, 9, 4]
            },
            "tabla9": {
                "fila1": [1, 2, 9],
                "fila2": [8, 5, 4],
                "fila3": [7, 3, 6]
            }
        },
        "quadricula2": {
            "tabla1": {
                "fila1": [6, 1, 9],
                "fila2": [2, 5, 4],
                "fila3": [8, 7, 3]
            },
            "tabla2": {
                "fila1": [5, 8, 3],
                "fila2": [6, 7, 9],
                "fila3": [2, 1, 4]
            },
            "tabla3": {
                "fila1": [2, 4, 7],
                "fila2": [1, 3, 8],
                "fila3": [6, 9, 5]
            },
            "tabla4": {
                "fila1": [1, 9, 6],
                "fila2": [5, 4, 8],
                "fila3": [7, 3, 2]
            },
            "tabla5": {
                "fila1": [8, 4, 2],
                "fila2": [7, 3, 6],
                "fila3": [1, 9, 8]
            },
            "tabla6": {
                "fila1": [5, 7, 3],
                "fila2": [9, 1, 2],
                "fila3": [8, 6, 4]
            },
            "tabla7": {
                "fila1": [4, 8, 5],
                "fila2": [3, 6, 7],
                "fila3": [9, 2, 1]  
            },
            "tabla8": {
                "fila1": [3, 6, 1],
                "fila2": [9, 2, 8],
                "fila3": [4, 5, 7]
            },
            "tabla9": {
                "fila1": [7, 2, 9],
                "fila2": [4, 5, 1],
                "fila3": [3, 8, 6]
            }
        },
        "quadricula3": {
            "tabla1": {
                "fila1": [1, 2, 9],
                "fila2": [8, 5, 4],
                "fila3": [7, 3, 6]
            },
            "tabla2": {
                "fila1": [7, 6, 3],
                "fila2": [9, 1, 2],
                "fila3": [8, 5, 4]
            },
            "tabla3": {
                "fila1": [4, 8, 5],
                "fila2": [3, 6, 7],
                "fila3": [9, 2, 1]
            },
            "tabla4": {
                "fila1": [3, 4, 1],
                "fila2": [5, 6, 8],
                "fila3": [9, 7, 2]
            },
            "tabla5": {
                "fila1": [2, 7, 9],
                "fila2": [4, 3, 1],
                "fila3": [5, 8, 6]
            },
            "tabla6": {
                "fila1": [8, 5, 6],
                "fila2": [7, 6, 2],
                "fila3": [1, 4, 3]
            },
            "tabla7": {
                "fila1": [4, 1, 5],
                "fila2": [6, 9, 7],
                "fila3": [2, 8, 3]  
            },
            "tabla8": {
                "fila1": [3, 2, 8],
                "fila2": [1, 4, 5],
                "fila3": [6, 9, 7]
            },
            "tabla9": {
                "fila1": [6, 7, 9],
                "fila2": [2, 3, 8],
                "fila3": [5, 1, 4]
            }
        },
        "quadricula4": {
            "tabla1": {
                "fila1": [9, 6, 8],
                "fila2": [3, 1, 2],
                "fila3": [5, 7, 4]
            },
            "tabla2": {
                "fila1": [3, 7, 2],
                "fila2": [5, 4, 8],
                "fila3": [9, 1, 6]
            },
            "tabla3": {
                "fila1": [4, 1, 5],
                "fila2": [6, 9, 7],
                "fila3": [2, 8, 3]
            },
            "tabla4": {
                "fila1": [2, 5, 7],
                "fila2": [8, 3, 6],
                "fila3": [1, 4, 9]
            },
            "tabla5": {
                "fila1": [8, 6, 4],
                "fila2": [2, 9, 1],
                "fila3": [7, 5, 3]
            },
            "tabla6": {
                "fila1": [9, 3, 1],
                "fila2": [7, 5, 4],
                "fila3": [8, 2, 6]
            },
            "tabla7": {
                "fila1": [4, 9, 5],
                "fila2": [6, 8, 1],
                "fila3": [7, 2, 3]  
            },
            "tabla8": {
                "fila1": [1, 2, 7],
                "fila2": [4, 3, 9],
                "fila3": [6, 8, 5]
            },
            "tabla9": {
                "fila1": [3, 6, 8],
                "fila2": [5, 7, 2],
                "fila3": [1, 4, 9]
            }
        },
        "quadricula5": {
            "tabla1": {
                "fila1": [6, 7, 9],
                "fila2": [2, 3, 8],
                "fila3": [5, 1, 4]
            },
            "tabla2": {
                "fila1": [5, 1, 3],
                "fila2": [6, 7, 4],
                "fila3": [2, 8, 9]
            },
            "tabla3": {
                "fila1": [8, 2, 4],
                "fila2": [1, 5, 9],
                "fila3": [7, 3, 6]
            },
            "tabla4": {
                "fila1": [8, 4, 3],
                "fila2": [9, 5, 1],
                "fila3": [7, 6, 2]
            },
            "tabla5": {
                "fila1": [7, 6, 1],
                "fila2": [8, 4, 2],
                "fila3": [3, 9, 5]
            },
            "tabla6": {
                "fila1": [2, 9, 5],
                "fila2": [6, 7, 3],
                "fila3": [4, 8, 1]
            },
            "tabla7": {
                "fila1": [4, 2, 7],
                "fila2": [1, 8, 5],
                "fila3": [3, 9, 6]  
            },
            "tabla8": {
                "fila1": [9, 5, 6],
                "fila2": [4, 3, 7],
                "fila3": [1, 2, 8]
            },
            "tabla9": {
                "fila1": [3, 1, 8],
                "fila2": [9, 6, 2],
                "fila3": [5, 4, 7]
            }
        }
    }
]