[
    {
        "fila01" : {
            "cuadrado01": ["border-left", "border-top"],
            "cuadrado02": ["border-top"],
            "cuadrado03": ["border-top"],
            "cuadrado04": ["border-top", "border-right"],
            "cuadrado05": ["border-top"],
            "cuadrado06": ["border-top"],
            "cuadrado07": ["border-top"],
            "cuadrado08": ["border-top"],
            "cuadrado09": ["border-top"],
            "cuadrado10": ["border-left"],
            "cuadrado11": ["border-top"],
            "cuadrado12": ["border-top"],
            "cuadrado13": ["border-top", "border-right"],
            "cuadrado14": ["border-top"],
            "cuadrado15": ["border-top", "border-right"],
            "cuadrado16": ["border-top"],
            "cuadrado17": ["border-top"],
            "cuadrado18": ["border-top"],
            "cuadrado19": ["border-top"],
            "cuadrado20": ["border-top", "border-right"]
        },
        "fila02" : {
            "cuadrado01": ["border-left"],
            "cuadrado02": ["border-left", "border-top"],
            "cuadrado03": ["border-left"],
            "cuadrado04": ["border-left", "border-bottom"],
            "cuadrado05": ["border-top"],
            "cuadrado06": ["border-right", "border-bottom"],
            "cuadrado07": ["border-right", "border-top"],
            "cuadrado08": ["border-top"],
            "cuadrado09": ["border-bottom"],
            "cuadrado10": ["border-left"],
            "cuadrado11": ["border-left", "border-top"],
            "cuadrado12": ["border-top"],
            "cuadrado13": ["border-right"],
            "cuadrado14": ["border-right"],
            "cuadrado15": ["border-right"],
            "cuadrado16": ["border-bottom"],
            "cuadrado17": ["border-right", "border-top"],
            "cuadrado18": ["border-top"],
            "cuadrado19": ["border-top"],
            "cuadrado20": ["border-right"]
        },
        "fila03" : {
            "cuadrado01": ["border-left"],
            "cuadrado02": ["border-left", "border-bottom"],
            "cuadrado03": ["border-bottom"],
            "cuadrado04": ["border-bottom", "border-right"],
            "cuadrado05": [],
            "cuadrado06": [],
            "cuadrado07": ["border-bottom", "border-right"],
            "cuadrado08": [],
            "cuadrado09": ["border-bottom"],
            "cuadrado10": ["border-bottom"],
            "cuadrado11": ["border-left", "border-top"],
            "cuadrado12": ["border-top"],
            "cuadrado13": ["border-top", "border-left"],
            "cuadrado14": ["border-top", "border-right"],
            "cuadrado15": ["border-bottom"],
            "cuadrado16": [],
            "cuadrado17": [],
            "cuadrado18": ["border-top", "border-right"],
            "cuadrado19": ["border-top"],
            "cuadrado20": ["border-top", "border-right"]
        },
        "fila04" : {
            "cuadrado01": ["border-left"],
            "cuadrado02": ["border-left"],
            "cuadrado03": ["border-bottom"],
            "cuadrado04": ["border-right"],
            "cuadrado05": ["border-bottom", "border-right"],
            "cuadrado06": ["border-bottom"],
            "cuadrado07": ["border-bottom", "border-right"],
            "cuadrado08": [],
            "cuadrado09": ["border-left"],
            "cuadrado10": [],
            "cuadrado11": ["border-left", "border-bottom"],
            "cuadrado12": ["border-left"],
            "cuadrado13": ["border-left"],
            "cuadrado14": ["border-left", "border-bottom"],
            "cuadrado15": ["border-right"],
            "cuadrado16": ["border-right"],
            "cuadrado17": ["border-bottom", "border-right"],
            "cuadrado18": ["border-right"],
            "cuadrado19": ["border-bottom"],
            "cuadrado20": ["border-top", "border-right"]
        },
        "fila05" : {
            "cuadrado01": ["border-left", "border-bottom"],
            "cuadrado02": ["border-left"],
            "cuadrado03": ["border-left"],
            "cuadrado04": ["border-left"],
            "cuadrado05": ["border-left"],
            "cuadrado06": [],
            "cuadrado07": ["border-left"],
            "cuadrado08": ["border-bottom"],
            "cuadrado09": ["border-left"],
            "cuadrado10": ["border-left", "border-bottom"],
            "cuadrado11": ["border-bottom"],
            "cuadrado12": ["border-bottom"],
            "cuadrado13": ["border-left"],
            "cuadrado14": ["border-right", "border-bottom"],
            "cuadrado15": ["border-right"],
            "cuadrado16": ["border-bottom", "border-right"],
            "cuadrado17": [],
            "cuadrado18": ["border-bottom"],
            "cuadrado19": ["border-right"],
            "cuadrado20": ["border-right"]
        },
        "fila06" : {
            "cuadrado01": ["border-left"],
            "cuadrado02": ["border-bottom"],
            "cuadrado03": ["border-bottom"],
            "cuadrado04": ["border-left", "border-bottom"],
            "cuadrado05": ["border-bottom"],
            "cuadrado06": ["border-left"],
            "cuadrado07": [],
            "cuadrado08": ["border-left"],
            "cuadrado09": ["border-bottom"],
            "cuadrado10": ["border-left"],
            "cuadrado11": ["border-left"],
            "cuadrado12": [],
            "cuadrado13": ["border-left", "border-bottom"],
            "cuadrado14": ["border-left"],
            "cuadrado15": ["border-bottom", "border-right"],
            "cuadrado16": [],
            "cuadrado17": ["border-right"],
            "cuadrado18": ["border-bottom"],
            "cuadrado19": ["border-bottom", "border-right"],
            "cuadrado20": ["border-right"]
        },
        "fila07" : {
            "cuadrado01": ["border-left"],
            "cuadrado02": ["border-left"],
            "cuadrado03": [],
            "cuadrado04": ["border-bottom", "border-left"],
            "cuadrado05": ["border-bottom"],
            "cuadrado06": ["border-bottom"],
            "cuadrado07": ["border-bottom", "border-left"],
            "cuadrado08": ["border-left"],
            "cuadrado09": ["border-left"],
            "cuadrado10": ["border-left"],
            "cuadrado11": ["border-bottom"],
            "cuadrado12": ["border-left", "border-bottom"],
            "cuadrado13": [],
            "cuadrado14": ["border-left"],
            "cuadrado15": ["border-left"],
            "cuadrado16": ["border-right", "border-bottom"],
            "cuadrado17": ["border-right"],
            "cuadrado18": [],
            "cuadrado19": ["border-bottom"],
            "cuadrado20": ["border-right"]
        },
        "fila08" : {
            "cuadrado01": ["border-left"],
            "cuadrado02": ["border-left"],
            "cuadrado03": ["border-left", "border-bottom"],
            "cuadrado04": ["border-right"],
            "cuadrado05": [],
            "cuadrado06": ["border-bottom"],
            "cuadrado07": [],
            "cuadrado08": ["border-left"],
            "cuadrado09": ["border-left", "border-bottom"],
            "cuadrado10": ["border-bottom", "border-right"],
            "cuadrado11": [],
            "cuadrado12": ["border-bottom"],
            "cuadrado13": [],
            "cuadrado14": ["border-left","border-bottom"],
            "cuadrado15": ["border-bottom"],
            "cuadrado16": ["border-left"],
            "cuadrado17": ["border-bottom", "border-right"],
            "cuadrado18": ["border-right"],
            "cuadrado19": [],
            "cuadrado20": ["border-right", "border-bottom"]
        },
        "fila09" : {
            "cuadrado01": ["border-left"],
            "cuadrado02": ["border-left"],
            "cuadrado03": ["border-left", "border-bottom"],
            "cuadrado04": ["border-right", "border-bottom"],
            "cuadrado05": ["border-bottom"],
            "cuadrado06": ["border-right"],
            "cuadrado07": ["border-bottom"],
            "cuadrado08": ["border-bottom"],
            "cuadrado09": ["border-left"],
            "cuadrado10": ["border-bottom"],
            "cuadrado11": ["border-bottom", "border-right"],
            "cuadrado12": ["border-bottom"],
            "cuadrado13": [],
            "cuadrado14": ["border-left"],
            "cuadrado15": ["border-right"],
            "cuadrado16": ["border-bottom"],
            "cuadrado17": ["border-bottom"],
            "cuadrado18": ["border-bottom", "border-right"],
            "cuadrado19": ["border-right"],
            "cuadrado20": ["border-right", "border-top"]
        },
        "fila10" : {
            "cuadrado01": ["border-left"],
            "cuadrado02": ["border-left", "border-bottom"],
            "cuadrado03": ["border-bottom"],
            "cuadrado04": [],
            "cuadrado05": ["border-bottom"],
            "cuadrado06": ["border-bottom", "border-right"],
            "cuadrado07": [],
            "cuadrado08": ["border-bottom"],
            "cuadrado09": ["border-bottom"],
            "cuadrado10": ["border-bottom"],
            "cuadrado11": ["border-bottom"],
            "cuadrado12": [],
            "cuadrado13": ["border-left"],
            "cuadrado14": ["border-bottom", "border-right"],
            "cuadrado15": ["border-bottom"],
            "cuadrado16": ["border-right"],
            "cuadrado17": [],
            "cuadrado18": ["border-bottom"],
            "cuadrado19": ["border-bottom", "border-right"],
            "cuadrado20": ["border-right"]
        },
        "fila11" : {
            "cuadrado01": ["border-left", "border-bottom"],
            "cuadrado02": ["border-bottom"],
            "cuadrado03": [],
            "cuadrado04": ["border-bottom", "border-right"],
            "cuadrado05": [],
            "cuadrado06": ["border-right"],
            "cuadrado07": [],
            "cuadrado08": ["border-right"],
            "cuadrado09": ["border-bottom"],
            "cuadrado10": ["border-right"],
            "cuadrado11": [],
            "cuadrado12": ["border-bottom"],
            "cuadrado13": ["border-left"],
            "cuadrado14": ["border-right"],
            "cuadrado15": [],
            "cuadrado16": ["border-bottom", "border-right"],
            "cuadrado17": ["border-right"],
            "cuadrado18": ["border-bottom"],
            "cuadrado19": ["border-right"],
            "cuadrado20": ["border-right"]
        },
        "fila12" : {
            "cuadrado01": ["border-left"],
            "cuadrado02": [],
            "cuadrado03": ["border-left", "border-bottom"],
            "cuadrado04": ["border-bottom"],
            "cuadrado05": ["border-bottom", "border-right"],
            "cuadrado06": ["border-bottom"],
            "cuadrado07": ["border-bottom", "border-right"],
            "cuadrado08": [],
            "cuadrado09": ["border-right"],
            "cuadrado10": ["border-right"],
            "cuadrado11": ["border-right"],
            "cuadrado12": ["border-bottom"],
            "cuadrado13": ["border-bottom", "border-right"],
            "cuadrado14": ["border-right"],
            "cuadrado15": [],
            "cuadrado16": ["border-bottom"],
            "cuadrado17": ["border-bottom", "border-right"],
            "cuadrado18": [],
            "cuadrado19": [],
            "cuadrado20": ["border-bottom", "border-right"]
        },
        "fila13" : {
            "cuadrado01": ["border-left"],
            "cuadrado02": ["border-left", "border-bottom"],
            "cuadrado03": ["border-left"],
            "cuadrado04": ["border-bottom"],
            "cuadrado05": ["border-bottom"],
            "cuadrado06": [],
            "cuadrado07": ["border-right"],
            "cuadrado08": ["border-right"],
            "cuadrado09": ["border-bottom"],
            "cuadrado10": ["border-bottom", "border-right"],
            "cuadrado11": ["border-bottom"],
            "cuadrado12": ["border-bottom"],
            "cuadrado13": ["border-right"],
            "cuadrado14": ["border-bottom", "border-right"],
            "cuadrado15": ["border-bottom"],
            "cuadrado16": ["border-bottom"],
            "cuadrado17": ["border-right"],
            "cuadrado18": ["border-right"],
            "cuadrado19": ["border-bottom"],
            "cuadrado20": ["border-right"]
        },
        "fila14" : {
            "cuadrado01": ["border-left"],
            "cuadrado02": ["border-left"],
            "cuadrado03": ["border-bottom"],
            "cuadrado04": ["border-bottom"],
            "cuadrado05": ["border-bottom", "border-right"],
            "cuadrado06": ["border-right"],
            "cuadrado07": ["border-right"],
            "cuadrado08": ["border-bottom"],
            "cuadrado09": ["border-bottom"],
            "cuadrado10": ["border-right"],
            "cuadrado11": [],
            "cuadrado12": ["border-bottom", "border-right"],
            "cuadrado13": ["border-bottom"],
            "cuadrado14": ["border-bottom"],
            "cuadrado15": ["border-right"],
            "cuadrado16": [],
            "cuadrado17": ["border-bottom", "border-right"],
            "cuadrado18": ["border-right"],
            "cuadrado19": [],
            "cuadrado20": ["border-bottom", "border-right"]
        },
        "fila15" : {
            "cuadrado01": ["border-left"],
            "cuadrado02": ["border-bottom", "border-left"],
            "cuadrado03": [],
            "cuadrado04": ["border-left"],
            "cuadrado05": ["border-bottom"],
            "cuadrado06": ["border-bottom", "border-right"],
            "cuadrado07": ["border-right"],
            "cuadrado08": [],
            "cuadrado09": ["border-right"],
            "cuadrado10": ["border-bottom"],
            "cuadrado11": ["border-bottom", "border-right"],
            "cuadrado12": [],
            "cuadrado13": ["border-bottom"],
            "cuadrado14": ["border-bottom"],
            "cuadrado15": ["border-bottom", "border-right"],
            "cuadrado16": ["border-bottom"],
            "cuadrado17": ["border-right"],
            "cuadrado18": ["border-bottom", "border-right"],
            "cuadrado19": [],
            "cuadrado20": ["border-right"]
        },
        "fila16" : {
            "cuadrado01": ["border-left"],
            "cuadrado02": ["border-left"],
            "cuadrado03": ["border-left"],
            "cuadrado04": ["border-left"],
            "cuadrado05": ["border-left"],
            "cuadrado06": ["border-bottom", "border-right"],
            "cuadrado07": ["border-right"],
            "cuadrado08": ["border-right"],
            "cuadrado09": [],
            "cuadrado10": [],
            "cuadrado11": ["border-bottom"],
            "cuadrado12": ["border-bottom", "border-right"],
            "cuadrado13": [],
            "cuadrado14": ["border-right"],
            "cuadrado15": [],
            "cuadrado16": ["border-bottom", "border-right"],
            "cuadrado17": ["border-bottom"],
            "cuadrado18": ["border-bottom"],
            "cuadrado19": ["border-right"],
            "cuadrado20": ["border-right"]
        },
        "fila17" : {
            "cuadrado01": ["border-left", "border-bottom"],
            "cuadrado02": [],
            "cuadrado03": ["border-left"],
            "cuadrado04": ["border-left"],
            "cuadrado05": ["border-left", "border-bottom"],
            "cuadrado06": ["border-bottom"],
            "cuadrado07": ["border-bottom"],
            "cuadrado08": ["border-bottom", "border-right"],
            "cuadrado09": ["border-bottom", "border-right"],
            "cuadrado10": [],
            "cuadrado11": ["border-left"],
            "cuadrado12": ["border-bottom", "border-right"],
            "cuadrado13": ["border-right"],
            "cuadrado14": ["border-bottom", "border-right"],
            "cuadrado15": ["border-bottom"],
            "cuadrado16": ["border-bottom"],
            "cuadrado17": ["border-bottom"],
            "cuadrado18": ["border-right"],
            "cuadrado19": ["border-right"],
            "cuadrado20": ["border-right"]
        },
        "fila18" : {
            "cuadrado01": ["border-left"],
            "cuadrado02": ["border-bottom"],
            "cuadrado03": ["border-left"],
            "cuadrado04": ["border-left"],
            "cuadrado05": ["border-left"],
            "cuadrado06": ["border-right"],
            "cuadrado07": ["border-bottom"],
            "cuadrado08": ["border-bottom"],
            "cuadrado09": ["border-bottom"],
            "cuadrado10": ["border-bottom", "border-right"],
            "cuadrado11": ["border-bottom"],
            "cuadrado12": ["border-right"],
            "cuadrado13": ["border-bottom"],
            "cuadrado14": ["border-right"],
            "cuadrado15": [],
            "cuadrado16": ["border-right"],
            "cuadrado17": ["border-bottom"],
            "cuadrado18": ["border-bottom"],
            "cuadrado19": ["border-bottom", "border-right"],
            "cuadrado20": ["border-right"]
        },
        "fila19" : {
            "cuadrado01": ["border-left"],
            "cuadrado02": ["border-left"],
            "cuadrado03": ["border-bottom"],
            "cuadrado04": ["border-left", "border-bottom"],
            "cuadrado05": ["border-right"],
            "cuadrado06": ["border-bottom", "border-right"],
            "cuadrado07": [],
            "cuadrado08": ["border-bottom"],
            "cuadrado09": ["border-right"],
            "cuadrado10": [],
            "cuadrado11": ["border-right"],
            "cuadrado12": ["border-bottom"],
            "cuadrado13": ["border-bottom"],
            "cuadrado14": ["border-right"],
            "cuadrado15": ["border-right"],
            "cuadrado16": ["border-bottom"],
            "cuadrado17": ["border-right"],
            "cuadrado18": [],
            "cuadrado19": ["border-bottom"],
            "cuadrado20": ["border-bottom", "border-right"]
        },
        "fila20" : {
            "cuadrado01": ["border-bottom", "border-left"],
            "cuadrado02": ["border-bottom"],
            "cuadrado03": ["border-bottom"],
            "cuadrado04": ["border-bottom", "border-right"],
            "cuadrado05": ["border-bottom"],
            "cuadrado06": ["border-bottom"],
            "cuadrado07": ["border-bottom"],
            "cuadrado08": ["border-bottom", "border-right"],
            "cuadrado09": ["border-bottom"],
            "cuadrado10": ["border-bottom", "border-right"],
            "cuadrado11": ["border-right"],
            "cuadrado12": ["border-bottom"],
            "cuadrado13": ["border-bottom"],
            "cuadrado14": ["border-bottom"],
            "cuadrado15": ["border-bottom"],
            "cuadrado16": ["border-bottom", "border-right"],
            "cuadrado17": ["border-bottom"],
            "cuadrado18": ["border-bottom"],
            "cuadrado19": ["border-bottom"],
            "cuadrado20": ["border-bottom", "border-right"]
        }
    },
    {
        "fila01" : {
            "cuadrado01": ["border-top"],
            "cuadrado02": ["border-top"],
            "cuadrado03": ["border-top"],
            "cuadrado04": ["border-left", "border-top"],
            "cuadrado05": ["border-left", "border-top"],
            "cuadrado06": ["border-top"],
            "cuadrado07": ["border-top", "border-left"],
            "cuadrado08": ["border-top"],
            "cuadrado09": ["border-top"],
            "cuadrado10": ["border-top", "border-right"],
            "cuadrado11": ["border-top"],
            "cuadrado12": ["border-top"],
            "cuadrado13": ["border-top", "border-right"],
            "cuadrado14": ["border-top"],
            "cuadrado15": ["border-top"],
            "cuadrado16": ["border-top"],
            "cuadrado17": ["border-top", "border-right"]
        },
        "fila02" : {
            "cuadrado01": ["border-left"],
            "cuadrado02": ["border-top"],
            "cuadrado03": ["border-left"],
            "cuadrado04": ["border-left"],
            "cuadrado05": ["border-left"],
            "cuadrado06": ["border-left"],
            "cuadrado07": ["border-left", "border-bottom"],
            "cuadrado08": ["border-top"],
            "cuadrado09": ["border-top", "border-left"],
            "cuadrado10": ["border-right", "border-bottom"],
            "cuadrado11": ["border-right"],
            "cuadrado12": ["border-top", "border-right"],
            "cuadrado13": ["border-right"],
            "cuadrado14": ["border-right"],
            "cuadrado15": ["border-top"],
            "cuadrado16": ["border-top", "border-right"],
            "cuadrado17": ["border-right"]
        },
        "fila03" : {
            "cuadrado01": ["border-left", "border-bottom"],
            "cuadrado02": ["border-left"],
            "cuadrado03": ["border-left", "border-bottom"],
            "cuadrado04": ["border-bottom"],
            "cuadrado05": ["border-left"],
            "cuadrado06": ["border-left", "border-bottom"],
            "cuadrado07": ["border-bottom"],
            "cuadrado08": ["border-bottom"],
            "cuadrado09": ["border-bottom", "border-left"],
            "cuadrado10": ["border-bottom"],
            "cuadrado11": ["border-right"],
            "cuadrado12": ["border-bottom"],
            "cuadrado13": ["border-right", "border-bottom"],
            "cuadrado14": ["border-right"],
            "cuadrado15": ["border-right"],
            "cuadrado16": ["border-bottom"],
            "cuadrado17": ["border-bottom", "border-right"]
        },
        "fila04" : {
            "cuadrado01": ["border-left"],
            "cuadrado02": [],
            "cuadrado03": [],
            "cuadrado04": ["border-left"],
            "cuadrado05": ["border-left", "border-bottom"],
            "cuadrado06": ["border-right"],
            "cuadrado07": ["border-bottom"],
            "cuadrado08": [],
            "cuadrado09": ["border-right"],
            "cuadrado10": ["border-right"],
            "cuadrado11": ["border-right"],
            "cuadrado12": [],
            "cuadrado13": ["border-bottom"],
            "cuadrado14": ["border-bottom", "border-right"],
            "cuadrado15": ["border-right"],
            "cuadrado16": [],
            "cuadrado17": ["border-bottom", "border-right"]
        },
        "fila05" : {
            "cuadrado01": ["border-left"],
            "cuadrado02": ["border-left", "border-bottom"],
            "cuadrado03": ["border-left", "border-bottom"],
            "cuadrado04": ["border-right"],
            "cuadrado05": ["border-right"],
            "cuadrado06": ["border-bottom"],
            "cuadrado07": ["border-bottom"],
            "cuadrado08": ["border-bottom"],
            "cuadrado09": ["border-bottom", "border-left"],
            "cuadrado10": ["border-bottom", "border-right"],
            "cuadrado11": ["border-right"],
            "cuadrado12": ["border-right"],
            "cuadrado13": ["border-bottom"],
            "cuadrado14": [],
            "cuadrado15": ["border-bottom", "border-right"],
            "cuadrado16": ["border-bottom"],
            "cuadrado17": ["border-right"]
        },
        "fila06" : {
            "cuadrado01": ["border-left"],
            "cuadrado02": ["border-left"],
            "cuadrado03": [],
            "cuadrado04": ["border-left", "border-bottom"],
            "cuadrado05": ["border-bottom"],
            "cuadrado06": ["border-bottom"],
            "cuadrado07": ["border-bottom"],
            "cuadrado08": [],
            "cuadrado09": ["border-left"],
            "cuadrado10": ["border-bottom"],
            "cuadrado11": ["border-bottom", "border-right"],
            "cuadrado12": ["border-bottom"],
            "cuadrado13": [],
            "cuadrado14": ["border-bottom", "border-left"],
            "cuadrado15": ["border-bottom"],
            "cuadrado16": ["border-right"],
            "cuadrado17": ["border-right"]
        },
        "fila07" : {
            "cuadrado01": ["border-left"],
            "cuadrado02": ["border-bottom"],
            "cuadrado03": ["border-bottom", "border-left"],
            "cuadrado04": ["border-right"],
            "cuadrado05": [],
            "cuadrado06": [],
            "cuadrado07": ["border-left"],
            "cuadrado08": ["border-bottom"],
            "cuadrado09": ["border-bottom", "border-left"],
            "cuadrado10": ["border-right"],
            "cuadrado11": ["border-bottom"],
            "cuadrado12": ["border-right"],
            "cuadrado13": [],
            "cuadrado14": ["border-right"],
            "cuadrado15": ["border-right"],
            "cuadrado16": ["border-right"],
            "cuadrado17": ["border-right"]
        },
        "fila08" : {
            "cuadrado01": ["border-left"],
            "cuadrado02": ["border-bottom"],
            "cuadrado03": [],
            "cuadrado04": ["border-left", "border-bottom"],
            "cuadrado05": [],
            "cuadrado06": ["border-left"],
            "cuadrado07": ["border-left", "border-bottom"],
            "cuadrado08": [],
            "cuadrado09": ["border-left"],
            "cuadrado10": ["border-bottom", "border-right"],
            "cuadrado11": [],
            "cuadrado12": ["border-bottom", "border-right"],
            "cuadrado13": ["border-bottom", "border-right"],
            "cuadrado14": ["border-bottom"],
            "cuadrado15": ["border-bottom", "border-right"],
            "cuadrado16": ["border-right"],
            "cuadrado17": ["border-right"]
        },
        "fila09" : {
            "cuadrado01": ["border-left"],
            "cuadrado02": [],
            "cuadrado03": ["border-left"],
            "cuadrado04": [],
            "cuadrado05": ["border-left"],
            "cuadrado06": ["border-left"],
            "cuadrado07": ["border-left"],
            "cuadrado08": ["border-left"],
            "cuadrado09": ["border-left"],
            "cuadrado10": ["border-right"],
            "cuadrado11": ["border-right"],
            "cuadrado12": [],
            "cuadrado13": ["border-right"],
            "cuadrado14": [],
            "cuadrado15": ["border-right", "border-bottom"],
            "cuadrado16": ["border-bottom", "border-right"],
            "cuadrado17": ["border-right"]
        },
        "fila10" : {
            "cuadrado01": ["border-left"],
            "cuadrado02": ["border-left"],
            "cuadrado03": ["border-left", "border-bottom"],
            "cuadrado04": ["border-left"],
            "cuadrado05": ["border-left"],
            "cuadrado06": ["border-left"],
            "cuadrado07": ["border-left"],
            "cuadrado08": ["border-left", "border-bottom"],
            "cuadrado09": ["border-top", "border-right"],
            "cuadrado10": ["border-bottom"],
            "cuadrado11": ["border-right"],
            "cuadrado12": ["border-right"],
            "cuadrado13": ["border-bottom"],
            "cuadrado14": ["border-bottom", "border-right"],
            "cuadrado15": [],
            "cuadrado16": ["border-right"],
            "cuadrado17": ["border-right"]
        },
        "fila11" : {
            "cuadrado01": ["border-left", "border-bottom"],
            "cuadrado02": ["border-left", "border-bottom"],
            "cuadrado03": [],
            "cuadrado04": ["border-left"],
            "cuadrado05": ["border-left", "border-bottom"],
            "cuadrado06": ["border-left"],
            "cuadrado07": ["border-left", "border-bottom"],
            "cuadrado08": ["border-bottom"],
            "cuadrado09": ["border-bottom"],
            "cuadrado10": ["border-right"],
            "cuadrado11": ["border-right"],
            "cuadrado12": ["border-bottom"],
            "cuadrado13": ["border-bottom"],
            "cuadrado14": ["border-bottom"],
            "cuadrado15": ["border-bottom", "border-right"],
            "cuadrado16": ["border-right"],
            "cuadrado17": ["border-right"]
        },
        "fila12" : {
            "cuadrado01": ["border-left"],
            "cuadrado02": ["border-bottom"],
            "cuadrado03": ["border-bottom"],
            "cuadrado04": ["border-left", "border-bottom"],
            "cuadrado05": [],
            "cuadrado06": ["border-left", "border-bottom"],
            "cuadrado07": ["border-bottom"],
            "cuadrado08": ["border-bottom"],
            "cuadrado09": ["border-right"],
            "cuadrado10": ["border-right"],
            "cuadrado11": [],
            "cuadrado12": ["border-bottom"],
            "cuadrado13": ["border-bottom"],
            "cuadrado14": ["border-bottom"],
            "cuadrado15": ["border-bottom", "border-right"],
            "cuadrado16": ["border-right"],
            "cuadrado17": ["border-right"]
        },
        "fila13" : {
            "cuadrado01": ["border-left"],
            "cuadrado02": ["border-left"],
            "cuadrado03": [],
            "cuadrado04": ["border-left"],
            "cuadrado05": ["border-left"],
            "cuadrado06": ["border-left"],
            "cuadrado07": ["border-left"],
            "cuadrado08": [],
            "cuadrado09": ["border-bottom", "border-right"],
            "cuadrado10": ["border-bottom", "border-right"],
            "cuadrado11": ["border-right"],
            "cuadrado12": [],
            "cuadrado13": ["border-bottom"],
            "cuadrado14": ["border-bottom"],
            "cuadrado15": ["border-right"],
            "cuadrado16": ["border-right"],
            "cuadrado17": ["border-right"]
        },
        "fila14" : {
            "cuadrado01": ["border-left", "border-bottom"],
            "cuadrado02": ["border-bottom", "border-right"],
            "cuadrado03": ["border-bottom"],
            "cuadrado04": [],
            "cuadrado05": ["border-left"],
            "cuadrado06": ["border-left"],
            "cuadrado07": ["border-left"],
            "cuadrado08": ["border-left", "border-bottom"],
            "cuadrado09": ["border-left"],
            "cuadrado10": ["border-bottom"],
            "cuadrado11": ["border-bottom", "border-right"],
            "cuadrado12": ["border-bottom"],
            "cuadrado13": ["border-right"],
            "cuadrado14": ["border-right"],
            "cuadrado15": ["border-bottom"],
            "cuadrado16": ["border-bottom", "border-right"],
            "cuadrado17": ["border-right"]
        },
        "fila15" : {
            "cuadrado01": ["border-left"],
            "cuadrado02": [],
            "cuadrado03": ["border-right"],
            "cuadrado04": [],
            "cuadrado05": ["border-left", "border-bottom"],
            "cuadrado06": [],
            "cuadrado07": ["border-left", "border-bottom"],
            "cuadrado08": [],
            "cuadrado09": ["border-bottom"],
            "cuadrado10": ["border-bottom"],
            "cuadrado11": ["border-bottom"],
            "cuadrado12": ["border-bottom"],
            "cuadrado13": ["border-bottom", "border-right"],
            "cuadrado14": [],
            "cuadrado15": ["border-bottom"],
            "cuadrado16": ["border-bottom", "border-right"],
            "cuadrado17": ["border-right"]
        },
        "fila16" : {
            "cuadrado01": ["border-left"],
            "cuadrado02": ["border-bottom", "border-right"],
            "cuadrado03": ["border-right"],
            "cuadrado04": [],
            "cuadrado05": ["border-left"],
            "cuadrado06": ["border-left", "border-bottom"],
            "cuadrado07": ["border-right"],
            "cuadrado08": ["border-bottom", "border-right"],
            "cuadrado09": [],
            "cuadrado10": ["border-bottom"],
            "cuadrado11": ["border-bottom"],
            "cuadrado12": ["border-bottom"],
            "cuadrado13": ["border-bottom"],
            "cuadrado14": ["border-bottom"],
            "cuadrado15": ["border-right"],
            "cuadrado16": [],
            "cuadrado17": ["border-right"]
        },
        "fila17" : {
            "cuadrado01": ["border-left", "border-bottom"],
            "cuadrado02": ["border-right", "border-bottom"],
            "cuadrado03": ["border-bottom"],
            "cuadrado04": ["border-bottom"],
            "cuadrado05": ["border-bottom"],
            "cuadrado06": ["border-bottom", "border-right"],
            "cuadrado07": ["border-bottom"],
            "cuadrado08": ["border-bottom"],
            "cuadrado09": ["border-bottom", "border-right"],
            "cuadrado10": ["border-bottom"],
            "cuadrado11": ["border-bottom"],
            "cuadrado12": ["border-bottom"],
            "cuadrado13": ["border-bottom"],
            "cuadrado14": ["border-bottom"],
            "cuadrado15": ["border-bottom"],
            "cuadrado16": ["border-bottom"],
            "cuadrado17": ["border-bottom"]
        }           
    }
]