{
  "saved": {
    "quadricula1": {
      "tabla1": {
        "fila1": [null, null, null],
        "fila2": [null, null, 7],
        "fila3": [3, 8, null]
      },
      "tabla2": {
        "fila1": [null, null, null],
        "fila2": [1, null, null],
        "fila3": [null, 8, 7]
      },
      "tabla3": {
        "fila1": [8, null, null],
        "fila2": [9, null, 3],
        "fila3": [null, 4, null]
      },
      "tabla4": {
        "fila1": [null, null, 5],
        "fila2": [2, null, 3],
        "fila3": [null, 9, null]
      },
      "tabla5": {
        "fila1": [2, null, 9],
        "fila2": [null, 8, null],
        "fila3": [7, null, 4]
      },
      "tabla6": {
        "fila1": [null, 8, null],
        "fila2": [6, null, 9],
        "fila3": [2, null, null]
      },
      "tabla7": {
        "fila1": [null, 5, null],
        "fila2": [8, null, 9],
        "fila3": [null, null, 1]
      },
      "tabla8": {
        "fila1": [3, 1, null],
        "fila2": [null, null, 6],
        "fila3": [null, null, null]
      },
      "tabla9": {
        "fila1": [null, 9, 8],
        "fila2": [5, null, null],
        "fila3": [null, null, null]
      }
    },
    "quadricula2": {
      "tabla1": {
        "fila1": [null, null, null],
        "fila2": [null, null, 4],
        "fila3": [8, 1, null]
      },
      "tabla2": {
        "fila1": [null, null, null],
        "fila2": [8, null, null],
        "fila3": [null, 3, 2]
      },
      "tabla3": {
        "fila1": [9, null, null],
        "fila2": [2, null, null],
        "fila3": [null, 4, null]
      },
      "tabla4": {
        "fila1": [null, null, 9],
        "fila2": [null, null, 1],
        "fila3": [null, 6, null]
      },
      "tabla5": {
        "fila1": [2, null, 3],
        "fila2": [null, null, null],
        "fila3": [1, 5, null]
      },
      "tabla6": {
        "fila1": [null, 1, null],
        "fila2": [5, null, null],
        "fila3": [4, null, null]
      },
      "tabla7": {
        "fila1": [null, 4, null],
        "fila2": [null, null, 6],
        "fila3": [null, null, 7]
      },
      "tabla8": {
        "fila1": [3, 1, null],
        "fila2": [null, null, 4],
        "fila3": [null, null, null]
      },
      "tabla9": {
        "fila1": [null, 9, 8],
        "fila2": [1, null, null],
        "fila3": [null, null, null]
      }
    },
    "quadricula3": {
      "tabla1": {
        "fila1": [null, 9, 8],
        "fila2": [5, null, null],
        "fila3": [null, null, null]
      },
      "tabla2": {
        "fila1": [null, null, null],
        "fila2": [null, 7, null],
        "fila3": [null, 9, null]
      },
      "tabla3": {
        "fila1": [null, 4, null],
        "fila2": [null, null, 6],
        "fila3": [null, null, 7]
      },
      "tabla4": {
        "fila1": [null, null, null],
        "fila2": [null, 3, 7],
        "fila3": [null, null, null]
      },
      "tabla5": {
        "fila1": [7, null, 1],
        "fila2": [null, null, null],
        "fila3": [3, null, 2]
      },
      "tabla6": {
        "fila1": [null, null, null],
        "fila2": [4, 6, null],
        "fila3": [null, null, null]
      },
      "tabla7": {
        "fila1": [1, null, null],
        "fila2": [4, null, null],
        "fila3": [null, 2, null]
      },
      "tabla8": {
        "fila1": [null, 2, null],
        "fila2": [null, 1, null],
        "fila3": [null, null, null]
      },
      "tabla9": {
        "fila1": [null, null, null],
        "fila2": [null, null, 5],
        "fila3": [6, 1, null]
      }
    },
    "quadricula4": {
      "tabla1": {
        "fila1": [null, null, null],
        "fila2": [null, null, 8],
        "fila3": [4, 1, null]
      },
      "tabla2": {
        "fila1": [null, null, null],
        "fila2": [3, null, null],
        "fila3": [null, 5, 9]
      },
      "tabla3": {
        "fila1": [1, null, null],
        "fila2": [4, null, null],
        "fila3": [null, 2, null]
      },
      "tabla4": {
        "fila1": [null, null, 5],
        "fila2": [null, null, 9],
        "fila3": [null, 8, null]
      },
      "tabla5": {
        "fila1": [9, null, 7],
        "fila2": [null, null, null],
        "fila3": [1, null, 5]
      },
      "tabla6": {
        "fila1": [null, 1, null],
        "fila2": [3, null, null],
        "fila3": [2, null, null]
      },
      "tabla7": {
        "fila1": [null, 9, null],
        "fila2": [null, null, 4],
        "fila3": [null, null, 1]
      },
      "tabla8": {
        "fila1": [2, 7, null],
        "fila2": [null, null, 8],
        "fila3": [null, null, null]
      },
      "tabla9": {
        "fila1": [null, 3, 4],
        "fila2": [7, null, null],
        "fila3": [null, null, null]
      }
    },
    "quadricula5": {
      "tabla1": {
        "fila1": [null, null, null],
        "fila2": [null, null, 5],
        "fila3": [6, 1, null]
      },
      "tabla2": {
        "fila1": [null, null, null],
        "fila2": [1, null, null],
        "fila3": [null, 4, 5]
      },
      "tabla3": {
        "fila1": [5, null, null],
        "fila2": [4, null, null],
        "fila3": [null, 2, null]
      },
      "tabla4": {
        "fila1": [null, null, 3],
        "fila2": [null, null, 6],
        "fila3": [null, 8, null]
      },
      "tabla5": {
        "fila1": [6, null, 9],
        "fila2": [null, null, null],
        "fila3": [4, null, 2]
      },
      "tabla6": {
        "fila1": [null, 5, null],
        "fila2": [9, null, null],
        "fila3": [3, null, null]
      },
      "tabla7": {
        "fila1": [null, 4, null],
        "fila2": [null, null, 7],
        "fila3": [null, null, 8]
      },
      "tabla8": {
        "fila1": [8, 9, null],
        "fila2": [null, null, 3],
        "fila3": [null, null, null]
      },
      "tabla9": {
        "fila1": [null, 1, 5],
        "fila2": [8, null, null],
        "fila3": [null, null, null]
      }
    }
  },
  "correccion": {
    "quadricula1": {
      "tabla1": { "fila1": [9, 1, 4], "fila2": [5, 6, 7], "fila3": [3, 8, 2] },
      "tabla2": { "fila1": [6, 2, 3], "fila2": [1, 4, 8], "fila3": [9, 8, 7] },
      "tabla3": { "fila1": [8, 5, 7], "fila2": [9, 2, 3], "fila3": [1, 4, 6] },
      "tabla4": { "fila1": [6, 7, 5], "fila2": [2, 4, 3], "fila3": [1, 9, 8] },
      "tabla5": { "fila1": [2, 3, 9], "fila2": [5, 8, 1], "fila3": [7, 6, 4] },
      "tabla6": { "fila1": [4, 8, 1], "fila2": [6, 7, 9], "fila3": [2, 3, 5] },
      "tabla7": { "fila1": [4, 5, 6], "fila2": [8, 3, 9], "fila3": [7, 2, 1] },
      "tabla8": { "fila1": [3, 1, 2], "fila2": [4, 7, 6], "fila3": [8, 9, 5] },
      "tabla9": { "fila1": [7, 9, 8], "fila2": [5, 1, 2], "fila3": [3, 6, 4] }
    },
    "quadricula2": {
      "tabla1": { "fila1": [6, 2, 3], "fila2": [9, 7, 4], "fila3": [8, 1, 5] },
      "tabla2": { "fila1": [4, 7, 5], "fila2": [8, 6, 1], "fila3": [9, 3, 2] },
      "tabla3": { "fila1": [9, 8, 1], "fila2": [2, 5, 3], "fila3": [6, 4, 7] },
      "tabla4": { "fila1": [7, 5, 9], "fila2": [4, 3, 1], "fila3": [2, 6, 8] },
      "tabla5": { "fila1": [2, 4, 3], "fila2": [6, 9, 8], "fila3": [1, 5, 7] },
      "tabla6": { "fila1": [8, 1, 6], "fila2": [5, 7, 2], "fila3": [4, 3, 9] },
      "tabla7": { "fila1": [5, 4, 2], "fila2": [3, 9, 6], "fila3": [1, 8, 7] },
      "tabla8": { "fila1": [3, 1, 6], "fila2": [7, 8, 4], "fila3": [5, 2, 9] },
      "tabla9": { "fila1": [7, 9, 8], "fila2": [1, 2, 5], "fila3": [3, 6, 4] }
    },
    "quadricula3": {
      "tabla1": { "fila1": [7, 9, 8], "fila2": [5, 1, 2], "fila3": [3, 6, 4] },
      "tabla2": { "fila1": [1, 3, 6], "fila2": [8, 7, 4], "fila3": [2, 9, 5] },
      "tabla3": { "fila1": [5, 4, 2], "fila2": [3, 9, 6], "fila3": [1, 8, 7] },
      "tabla4": { "fila1": [6, 8, 5], "fila2": [2, 3, 7], "fila3": [9, 4, 1] },
      "tabla5": { "fila1": [7, 4, 1], "fila2": [5, 8, 9], "fila3": [3, 6, 2] },
      "tabla6": { "fila1": [9, 2, 3], "fila2": [4, 6, 1], "fila3": [7, 5, 8] },
      "tabla7": { "fila1": [1, 5, 6], "fila2": [4, 7, 9], "fila3": [8, 2, 3] },
      "tabla8": { "fila1": [9, 2, 3], "fila2": [6, 1, 8], "fila3": [4, 5, 7] },
      "tabla9": { "fila1": [8, 7, 4], "fila2": [2, 3, 5], "fila3": [6, 1, 9] }
    },
    "quadricula4": {
      "tabla1": { "fila1": [9, 3, 2], "fila2": [5, 6, 8], "fila3": [4, 1, 7] },
      "tabla2": { "fila1": [7, 8, 4], "fila2": [3, 1, 2], "fila3": [6, 5, 9] },
      "tabla3": { "fila1": [1, 5, 6], "fila2": [4, 7, 9], "fila3": [8, 2, 3] },
      "tabla4": { "fila1": [2, 4, 5], "fila2": [1, 7, 9], "fila3": [6, 8, 3] },
      "tabla5": { "fila1": [9, 3, 7], "fila2": [8, 2, 6], "fila3": [1, 4, 5] },
      "tabla6": { "fila1": [6, 1, 8], "fila2": [3, 4, 5], "fila3": [2, 9, 7] },
      "tabla7": { "fila1": [8, 9, 6], "fila2": [3, 2, 4], "fila3": [7, 5, 1] },
      "tabla8": { "fila1": [2, 7, 1], "fila2": [5, 9, 8], "fila3": [4, 6, 3] },
      "tabla9": { "fila1": [5, 3, 4], "fila2": [7, 6, 1], "fila3": [9, 8, 2] }
    },
    "quadricula5": {
      "tabla1": { "fila1": [8, 7, 4], "fila2": [2, 3, 5], "fila3": [6, 1, 9] },
      "tabla2": { "fila1": [9, 2, 6], "fila2": [1, 7, 8], "fila3": [3, 4, 5] },
      "tabla3": { "fila1": [5, 3, 1], "fila2": [4, 9, 6], "fila3": [7, 2, 8] },
      "tabla4": { "fila1": [7, 2, 3], "fila2": [4, 5, 6], "fila3": [9, 8, 1] },
      "tabla5": { "fila1": [6, 8, 9], "fila2": [7, 3, 1], "fila3": [4, 5, 2] },
      "tabla6": { "fila1": [1, 5, 4], "fila2": [9, 8, 2], "fila3": [3, 6, 7] },
      "tabla7": { "fila1": [3, 4, 2], "fila2": [5, 6, 7], "fila3": [1, 9, 8] },
      "tabla8": { "fila1": [8, 9, 7], "fila2": [2, 1, 3], "fila3": [5, 6, 4] },
      "tabla9": { "fila1": [6, 1, 5], "fila2": [8, 4, 9], "fila3": [2, 7, 3] }
    }
  },
  "original": {
    "quadricula1": {
      "tabla1": {
        "fila1": [null, null, null],
        "fila2": [null, null, 7],
        "fila3": [3, 8, null]
      },
      "tabla2": {
        "fila1": [null, null, null],
        "fila2": [1, null, null],
        "fila3": [null, 8, 7]
      },
      "tabla3": {
        "fila1": [8, null, null],
        "fila2": [9, null, 3],
        "fila3": [null, 4, null]
      },
      "tabla4": {
        "fila1": [null, null, 5],
        "fila2": [2, null, 3],
        "fila3": [null, 9, null]
      },
      "tabla5": {
        "fila1": [2, null, 9],
        "fila2": [null, 8, null],
        "fila3": [7, null, 4]
      },
      "tabla6": {
        "fila1": [null, 8, null],
        "fila2": [6, null, 9],
        "fila3": [2, null, null]
      },
      "tabla7": {
        "fila1": [null, 5, null],
        "fila2": [8, null, 9],
        "fila3": [null, null, 1]
      },
      "tabla8": {
        "fila1": [3, 1, null],
        "fila2": [null, null, 6],
        "fila3": [null, null, null]
      },
      "tabla9": {
        "fila1": [null, 9, 8],
        "fila2": [5, null, null],
        "fila3": [null, null, null]
      }
    },
    "quadricula2": {
      "tabla1": {
        "fila1": [null, null, null],
        "fila2": [null, null, 4],
        "fila3": [8, 1, null]
      },
      "tabla2": {
        "fila1": [null, null, null],
        "fila2": [8, null, null],
        "fila3": [null, 3, 2]
      },
      "tabla3": {
        "fila1": [9, null, null],
        "fila2": [2, null, null],
        "fila3": [null, 4, null]
      },
      "tabla4": {
        "fila1": [null, null, 9],
        "fila2": [null, null, 1],
        "fila3": [null, 6, null]
      },
      "tabla5": {
        "fila1": [2, null, 3],
        "fila2": [null, null, null],
        "fila3": [1, 5, null]
      },
      "tabla6": {
        "fila1": [null, 1, null],
        "fila2": [5, null, null],
        "fila3": [4, null, null]
      },
      "tabla7": {
        "fila1": [null, 4, null],
        "fila2": [null, null, 6],
        "fila3": [null, null, 7]
      },
      "tabla8": {
        "fila1": [3, 1, null],
        "fila2": [null, null, 4],
        "fila3": [null, null, null]
      },
      "tabla9": {
        "fila1": [null, 9, 8],
        "fila2": [1, null, null],
        "fila3": [null, null, null]
      }
    },
    "quadricula3": {
      "tabla1": {
        "fila1": [null, 9, 8],
        "fila2": [5, null, null],
        "fila3": [null, null, null]
      },
      "tabla2": {
        "fila1": [null, null, null],
        "fila2": [null, 7, null],
        "fila3": [null, 9, null]
      },
      "tabla3": {
        "fila1": [null, 4, null],
        "fila2": [null, null, 6],
        "fila3": [null, null, 7]
      },
      "tabla4": {
        "fila1": [null, null, null],
        "fila2": [null, 3, 7],
        "fila3": [null, null, null]
      },
      "tabla5": {
        "fila1": [7, null, 1],
        "fila2": [null, null, null],
        "fila3": [3, null, 2]
      },
      "tabla6": {
        "fila1": [null, null, null],
        "fila2": [4, 6, null],
        "fila3": [null, null, null]
      },
      "tabla7": {
        "fila1": [1, null, null],
        "fila2": [4, null, null],
        "fila3": [null, 2, null]
      },
      "tabla8": {
        "fila1": [null, 2, null],
        "fila2": [null, 1, null],
        "fila3": [null, null, null]
      },
      "tabla9": {
        "fila1": [null, null, null],
        "fila2": [null, null, 5],
        "fila3": [6, 1, null]
      }
    },
    "quadricula4": {
      "tabla1": {
        "fila1": [null, null, null],
        "fila2": [null, null, 8],
        "fila3": [4, 1, null]
      },
      "tabla2": {
        "fila1": [null, null, null],
        "fila2": [3, null, null],
        "fila3": [null, 5, 9]
      },
      "tabla3": {
        "fila1": [1, null, null],
        "fila2": [4, null, null],
        "fila3": [null, 2, null]
      },
      "tabla4": {
        "fila1": [null, null, 5],
        "fila2": [null, null, 9],
        "fila3": [null, 8, null]
      },
      "tabla5": {
        "fila1": [9, null, 7],
        "fila2": [null, null, null],
        "fila3": [1, null, 5]
      },
      "tabla6": {
        "fila1": [null, 1, null],
        "fila2": [3, null, null],
        "fila3": [2, null, null]
      },
      "tabla7": {
        "fila1": [null, 9, null],
        "fila2": [null, null, 4],
        "fila3": [null, null, 1]
      },
      "tabla8": {
        "fila1": [2, 7, null],
        "fila2": [null, null, 8],
        "fila3": [null, null, null]
      },
      "tabla9": {
        "fila1": [null, 3, 4],
        "fila2": [7, null, null],
        "fila3": [null, null, null]
      }
    },
    "quadricula5": {
      "tabla1": {
        "fila1": [null, null, null],
        "fila2": [null, null, 5],
        "fila3": [6, 1, null]
      },
      "tabla2": {
        "fila1": [null, null, null],
        "fila2": [1, null, null],
        "fila3": [null, 4, 5]
      },
      "tabla3": {
        "fila1": [5, null, null],
        "fila2": [4, null, null],
        "fila3": [null, 2, null]
      },
      "tabla4": {
        "fila1": [null, null, 3],
        "fila2": [null, null, 6],
        "fila3": [null, 8, null]
      },
      "tabla5": {
        "fila1": [6, null, 9],
        "fila2": [null, null, null],
        "fila3": [4, null, 2]
      },
      "tabla6": {
        "fila1": [null, 5, null],
        "fila2": [9, null, null],
        "fila3": [3, null, null]
      },
      "tabla7": {
        "fila1": [null, 4, null],
        "fila2": [null, null, 7],
        "fila3": [null, null, 8]
      },
      "tabla8": {
        "fila1": [8, 9, null],
        "fila2": [null, null, 3],
        "fila3": [null, null, null]
      },
      "tabla9": {
        "fila1": [null, 1, 5],
        "fila2": [8, null, null],
        "fila3": [null, null, null]
      }
    }
  }
}
